2026-02-12 10:59:25 INFO : distributing menu...
2026-02-12 10:59:25 INFO : loading resource information from JSON: /tmp/env/lib/python3.14/site-packages/tmVhdlProducer/config/resource_default.json
2026-02-12 10:59:25 INFO : :: listing resources...
2026-02-12 10:59:25 INFO : thresholds:
2026-02-12 10:59:25 INFO :  * floor: brams=14.69%, sliceLUTs=9.03%, processors=0.00%
2026-02-12 10:59:25 INFO :  * ceiling: brams=100.00%, sliceLUTs=90.00%, processors=100.00%
2026-02-12 10:59:25 INFO : instances:
2026-02-12 10:59:25 INFO :  * MuonCondition[ muon ]: brams=0.00%, sliceLUTs=0.00%, processors=0.00%
2026-02-12 10:59:25 INFO :  * MuonCondition[ muon, muon ]: brams=0.00%, sliceLUTs=0.00%, processors=0.00%
2026-02-12 10:59:25 INFO :    * tbpt: brams=0.00%, sliceLUTs=0.08%, processors=0.33%
2026-02-12 10:59:25 INFO :    * chgcor: brams=0.00%, sliceLUTs=0.00%, processors=0.00%
2026-02-12 10:59:25 INFO :  * MuonCondition[ muon, muon, muon ]: brams=0.00%, sliceLUTs=0.00%, processors=0.00%
2026-02-12 10:59:25 INFO :    * chgcor: brams=0.00%, sliceLUTs=0.00%, processors=0.00%
2026-02-12 10:59:25 INFO :  * MuonCondition[ muon, muon, muon, muon ]: brams=0.00%, sliceLUTs=0.00%, processors=0.00%
2026-02-12 10:59:25 INFO :    * chgcor: brams=0.00%, sliceLUTs=0.00%, processors=0.00%
2026-02-12 10:59:25 INFO :  * CaloCondition[ calo ]: brams=0.00%, sliceLUTs=0.00%, processors=0.00%
2026-02-12 10:59:25 INFO :  * CaloCondition[ calo, calo ]: brams=0.00%, sliceLUTs=0.00%, processors=0.00%
2026-02-12 10:59:25 INFO :    * tbpt: brams=0.00%, sliceLUTs=0.05%, processors=0.33%
2026-02-12 10:59:25 INFO :  * CaloCondition[ calo, calo, calo ]: brams=0.00%, sliceLUTs=0.00%, processors=0.00%
2026-02-12 10:59:25 INFO :  * CaloCondition[ calo, calo, calo, calo ]: brams=0.00%, sliceLUTs=0.39%, processors=0.00%
2026-02-12 10:59:25 INFO :  * CaloCondition[ calo, calo, calo, calo, calo ]: brams=0.00%, sliceLUTs=0.00%, processors=0.00%
2026-02-12 10:59:25 INFO :  * CaloCondition[ calo, calo, calo, calo, calo, calo ]: brams=0.00%, sliceLUTs=0.00%, processors=0.00%
2026-02-12 10:59:25 INFO :  * CaloCondition[ calo, calo, calo, calo, calo, calo, calo ]: brams=0.00%, sliceLUTs=0.00%, processors=0.00%
2026-02-12 10:59:25 INFO :  * CaloCondition[ calo, calo, calo, calo, calo, calo, calo, calo ]: brams=0.00%, sliceLUTs=0.00%, processors=0.00%
2026-02-12 10:59:25 INFO :  * CaloCondition[ calo, calo, calo, calo, calo, calo, calo, calo, calo ]: brams=0.00%, sliceLUTs=0.00%, processors=0.00%
2026-02-12 10:59:25 INFO :  * CaloCondition[ calo, calo, calo, calo, calo, calo, calo, calo, calo, calo ]: brams=0.00%, sliceLUTs=0.00%, processors=0.00%
2026-02-12 10:59:25 INFO :  * CaloCondition[ calo, calo, calo, calo, calo, calo, calo, calo, calo, calo, calo ]: brams=0.00%, sliceLUTs=0.00%, processors=0.00%
2026-02-12 10:59:25 INFO :  * CaloCondition[ calo, calo, calo, calo, calo, calo, calo, calo, calo, calo, calo, calo ]: brams=0.00%, sliceLUTs=0.00%, processors=0.00%
2026-02-12 10:59:25 INFO :  * CaloConditionOvRm[ calo, calo ]: brams=0.00%, sliceLUTs=0.00%, processors=0.00%
2026-02-12 10:59:25 INFO :    * deta: brams=0.00%, sliceLUTs=0.00%, processors=0.00%
2026-02-12 10:59:25 INFO :    * dphi: brams=0.00%, sliceLUTs=0.00%, processors=0.00%
2026-02-12 10:59:25 INFO :    * dr: brams=0.00%, sliceLUTs=0.00%, processors=0.00%
2026-02-12 10:59:25 INFO :  * CaloConditionOvRm[ calo, calo, calo ]: brams=0.00%, sliceLUTs=0.13%, processors=0.00%
2026-02-12 10:59:25 INFO :    * deta: brams=0.00%, sliceLUTs=0.00%, processors=0.00%
2026-02-12 10:59:25 INFO :    * dphi: brams=0.00%, sliceLUTs=0.00%, processors=0.00%
2026-02-12 10:59:25 INFO :    * dr: brams=0.00%, sliceLUTs=0.00%, processors=0.00%
2026-02-12 10:59:25 INFO :    * tbpt: brams=0.00%, sliceLUTs=0.05%, processors=0.00%
2026-02-12 10:59:25 INFO :  * CaloConditionOvRm[ calo, calo, calo, calo ]: brams=0.00%, sliceLUTs=0.00%, processors=0.00%
2026-02-12 10:59:25 INFO :    * deta: brams=0.00%, sliceLUTs=0.00%, processors=0.00%
2026-02-12 10:59:25 INFO :    * dphi: brams=0.00%, sliceLUTs=0.00%, processors=0.00%
2026-02-12 10:59:25 INFO :    * dr: brams=0.00%, sliceLUTs=0.00%, processors=0.00%
2026-02-12 10:59:25 INFO :  * CaloConditionOvRm[ calo, calo, calo, calo, calo ]: brams=0.00%, sliceLUTs=0.00%, processors=0.00%
2026-02-12 10:59:25 INFO :    * deta: brams=0.00%, sliceLUTs=0.00%, processors=0.00%
2026-02-12 10:59:25 INFO :    * dphi: brams=0.00%, sliceLUTs=0.00%, processors=0.00%
2026-02-12 10:59:25 INFO :    * dr: brams=0.00%, sliceLUTs=0.00%, processors=0.00%
2026-02-12 10:59:25 INFO :  * CorrelationCondition[ calo, calo ]: brams=0.00%, sliceLUTs=0.00%, processors=0.00%
2026-02-12 10:59:25 INFO :    * deta: brams=0.00%, sliceLUTs=0.00%, processors=0.00%
2026-02-12 10:59:25 INFO :    * dphi: brams=0.00%, sliceLUTs=0.00%, processors=0.00%
2026-02-12 10:59:25 INFO :    * dr: brams=0.00%, sliceLUTs=0.01%, processors=0.00%
2026-02-12 10:59:25 INFO :    * tbpt: brams=0.00%, sliceLUTs=0.00%, processors=0.00%
2026-02-12 10:59:25 INFO :    * mass: brams=0.00%, sliceLUTs=0.01%, processors=0.00%
2026-02-12 10:59:25 INFO :    * massdr: brams=0.00%, sliceLUTs=0.00%, processors=0.00%
2026-02-12 10:59:25 INFO :  * CorrelationCondition[ calo, muon ]: brams=0.00%, sliceLUTs=0.00%, processors=0.00%
2026-02-12 10:59:25 INFO :    * deta: brams=0.00%, sliceLUTs=0.00%, processors=0.00%
2026-02-12 10:59:25 INFO :    * dphi: brams=0.00%, sliceLUTs=0.00%, processors=0.00%
2026-02-12 10:59:25 INFO :    * dr: brams=0.00%, sliceLUTs=0.01%, processors=0.00%
2026-02-12 10:59:25 INFO :    * tbpt: brams=0.00%, sliceLUTs=0.00%, processors=0.00%
2026-02-12 10:59:25 INFO :    * mass: brams=0.00%, sliceLUTs=0.01%, processors=0.00%
2026-02-12 10:59:25 INFO :    * massdr: brams=0.00%, sliceLUTs=0.00%, processors=0.00%
2026-02-12 10:59:25 INFO :  * CorrelationCondition[ calo, esum ]: brams=0.00%, sliceLUTs=0.00%, processors=0.00%
2026-02-12 10:59:25 INFO :    * dphi: brams=0.00%, sliceLUTs=0.00%, processors=0.00%
2026-02-12 10:59:25 INFO :    * tbpt: brams=0.00%, sliceLUTs=0.00%, processors=0.00%
2026-02-12 10:59:25 INFO :    * mass: brams=0.00%, sliceLUTs=0.01%, processors=0.00%
2026-02-12 10:59:25 INFO :  * CorrelationCondition[ muon, esum ]: brams=0.00%, sliceLUTs=0.00%, processors=0.00%
2026-02-12 10:59:25 INFO :    * dphi: brams=0.00%, sliceLUTs=0.00%, processors=0.00%
2026-02-12 10:59:25 INFO :    * tbpt: brams=0.00%, sliceLUTs=0.00%, processors=0.00%
2026-02-12 10:59:25 INFO :    * mass: brams=0.00%, sliceLUTs=0.00%, processors=0.00%
2026-02-12 10:59:25 INFO :  * CorrelationCondition[ muon, muon ]: brams=0.00%, sliceLUTs=0.00%, processors=0.00%
2026-02-12 10:59:25 INFO :    * deta: brams=0.00%, sliceLUTs=0.00%, processors=0.00%
2026-02-12 10:59:25 INFO :    * dphi: brams=0.00%, sliceLUTs=0.00%, processors=0.00%
2026-02-12 10:59:25 INFO :    * dr: brams=0.00%, sliceLUTs=0.01%, processors=0.00%
2026-02-12 10:59:25 INFO :    * tbpt: brams=0.00%, sliceLUTs=0.00%, processors=0.00%
2026-02-12 10:59:25 INFO :    * mass: brams=0.00%, sliceLUTs=0.01%, processors=0.00%
2026-02-12 10:59:25 INFO :    * massupt: brams=0.00%, sliceLUTs=0.00%, processors=0.00%
2026-02-12 10:59:25 INFO :    * massdr: brams=0.00%, sliceLUTs=0.00%, processors=0.00%
2026-02-12 10:59:25 INFO :    * chgcor: brams=0.00%, sliceLUTs=0.00%, processors=0.00%
2026-02-12 10:59:25 INFO :  * Correlation3Condition[ calo, calo, calo ]: brams=0.00%, sliceLUTs=0.00%, processors=0.00%
2026-02-12 10:59:25 INFO :    * mass: brams=0.00%, sliceLUTs=0.00%, processors=0.00%
2026-02-12 10:59:25 INFO :  * Correlation3Condition[ muon, muon, muon ]: brams=0.00%, sliceLUTs=0.19%, processors=0.00%
2026-02-12 10:59:25 INFO :    * mass: brams=0.00%, sliceLUTs=0.00%, processors=0.06%
2026-02-12 10:59:25 INFO :  * CorrelationConditionOvRm[ calo, calo ]: brams=0.00%, sliceLUTs=0.00%, processors=0.00%
2026-02-12 10:59:25 INFO :    * deta: brams=0.00%, sliceLUTs=0.00%, processors=0.00%
2026-02-12 10:59:25 INFO :    * dphi: brams=0.00%, sliceLUTs=0.00%, processors=0.00%
2026-02-12 10:59:25 INFO :    * dr: brams=0.00%, sliceLUTs=0.00%, processors=0.00%
2026-02-12 10:59:25 INFO :    * tbpt: brams=0.00%, sliceLUTs=0.00%, processors=0.00%
2026-02-12 10:59:25 INFO :    * mass: brams=0.00%, sliceLUTs=0.01%, processors=0.00%
2026-02-12 10:59:25 INFO :  * CorrelationConditionOvRm[ calo, calo, calo ]: brams=0.00%, sliceLUTs=0.15%, processors=0.00%
2026-02-12 10:59:25 INFO :    * deta: brams=0.00%, sliceLUTs=0.00%, processors=0.00%
2026-02-12 10:59:25 INFO :    * dphi: brams=0.00%, sliceLUTs=0.00%, processors=0.00%
2026-02-12 10:59:25 INFO :    * dr: brams=0.00%, sliceLUTs=0.00%, processors=0.00%
2026-02-12 10:59:25 INFO :    * tbpt: brams=0.00%, sliceLUTs=0.00%, processors=0.00%
2026-02-12 10:59:25 INFO :    * mass: brams=0.00%, sliceLUTs=0.01%, processors=0.00%
2026-02-12 10:59:25 INFO :  * EsumsCondition[ esum ]: brams=0.00%, sliceLUTs=0.00%, processors=0.00%
2026-02-12 10:59:25 INFO :  * MinBiasCondition[ bias ]: brams=0.00%, sliceLUTs=0.00%, processors=0.00%
2026-02-12 10:59:25 INFO :  * ExternalCondition[ ext ]: brams=0.00%, sliceLUTs=0.00%, processors=0.00%
2026-02-12 10:59:25 INFO :  * TowerCountCondition[ count ]: brams=0.00%, sliceLUTs=0.00%, processors=0.00%
2026-02-12 10:59:25 INFO :  * AnomalyDetectionTrigger[ adt ]: brams=0.00%, sliceLUTs=1.79%, processors=0.00%
2026-02-12 10:59:25 INFO :  * Axol1tlTrigger[ axol1tl ]: brams=0.00%, sliceLUTs=0.00%, processors=0.00%
2026-02-12 10:59:25 INFO :  * TopologicalTrigger[ topological ]: brams=0.00%, sliceLUTs=0.00%, processors=0.00%
2026-02-12 10:59:25 INFO :  * ZDCPlus[ count ]: brams=0.00%, sliceLUTs=0.00%, processors=0.00%
2026-02-12 10:59:25 INFO :  * ZDCMinus[ count ]: brams=0.00%, sliceLUTs=0.00%, processors=0.00%
2026-02-12 10:59:25 INFO :  * CicadaTrigger[ cicada ]: brams=0.00%, sliceLUTs=0.00%, processors=0.00%
2026-02-12 10:59:25 INFO :  * SignalCondition[ signal ]: brams=0.00%, sliceLUTs=0.00%, processors=0.00%
2026-02-12 10:59:25 WARNING : no object cut entry for object type: bias
2026-02-12 10:59:25 WARNING : no object cut entry for object type: bias
2026-02-12 10:59:26 INFO : |---------------------------------------------------------------------------------------|
2026-02-12 10:59:26 INFO : |                                                                                       |
2026-02-12 10:59:26 INFO : | Algorithms sorted by payload (ascending)                                              |
2026-02-12 10:59:26 INFO : |                                                                                       |
2026-02-12 10:59:26 INFO : |---------------------------------------------------------------------------------------|
2026-02-12 10:59:26 INFO : |-------|---------|-----------|---------|-----------------------------------------------|
2026-02-12 10:59:26 INFO : | Index | BRAMs   | SliceLUTs | DSPs    | Name                                          |
2026-02-12 10:59:26 INFO : |-------|---------|-----------|---------|-----------------------------------------------|
2026-02-12 10:59:26 INFO : |   472 |  0.000% |    0.000% |  0.000% | L1_AlwaysTrue                                 |
2026-02-12 10:59:26 INFO : |   498 |  0.000% |    0.000% |  0.000% | L1_BPTX_AND_Ref1_VME                          |
2026-02-12 10:59:26 INFO : |   499 |  0.000% |    0.000% |  0.000% | L1_BPTX_AND_Ref3_VME                          |
2026-02-12 10:59:26 INFO : |   500 |  0.000% |    0.000% |  0.000% | L1_BPTX_AND_Ref4_VME                          |
2026-02-12 10:59:26 INFO : |   503 |  0.000% |    0.000% |  0.000% | L1_BPTX_BeamGas_B1_VME                        |
2026-02-12 10:59:26 INFO : |   504 |  0.000% |    0.000% |  0.000% | L1_BPTX_BeamGas_B2_VME                        |
2026-02-12 10:59:26 INFO : |   501 |  0.000% |    0.000% |  0.000% | L1_BPTX_BeamGas_Ref1_VME                      |
2026-02-12 10:59:26 INFO : |   502 |  0.000% |    0.000% |  0.000% | L1_BPTX_BeamGas_Ref2_VME                      |
2026-02-12 10:59:26 INFO : |   494 |  0.000% |    0.000% |  0.000% | L1_BPTX_NotOR_VME                             |
2026-02-12 10:59:26 INFO : |   495 |  0.000% |    0.000% |  0.000% | L1_BPTX_OR_Ref3_VME                           |
2026-02-12 10:59:26 INFO : |   496 |  0.000% |    0.000% |  0.000% | L1_BPTX_OR_Ref4_VME                           |
2026-02-12 10:59:26 INFO : |   497 |  0.000% |    0.000% |  0.000% | L1_BPTX_RefAND_VME                            |
2026-02-12 10:59:26 INFO : |   481 |  0.000% |    0.000% |  0.000% | L1_BptxMinus                                  |
2026-02-12 10:59:26 INFO : |   478 |  0.000% |    0.000% |  0.000% | L1_BptxOR                                     |
2026-02-12 10:59:26 INFO : |   480 |  0.000% |    0.000% |  0.000% | L1_BptxPlus                                   |
2026-02-12 10:59:26 INFO : |   479 |  0.000% |    0.000% |  0.000% | L1_BptxXOR                                    |
2026-02-12 10:59:26 INFO : |   490 |  0.000% |    0.000% |  0.000% | L1_FirstBunchAfterTrain                       |
2026-02-12 10:59:26 INFO : |   485 |  0.000% |    0.000% |  0.000% | L1_FirstBunchBeforeTrain                      |
2026-02-12 10:59:26 INFO : |   486 |  0.000% |    0.000% |  0.000% | L1_FirstBunchInTrain                          |
2026-02-12 10:59:26 INFO : |   493 |  0.000% |    0.000% |  0.000% | L1_FirstCollisionInOrbit                      |
2026-02-12 10:59:26 INFO : |   492 |  0.000% |    0.000% |  0.000% | L1_FirstCollisionInTrain                      |
2026-02-12 10:59:26 INFO : |   506 |  0.000% |    0.000% |  0.000% | L1_HCAL_LaserMon_Trig                         |
2026-02-12 10:59:26 INFO : |   507 |  0.000% |    0.000% |  0.000% | L1_HCAL_LaserMon_Veto                         |
2026-02-12 10:59:26 INFO : |   484 |  0.000% |    0.000% |  0.000% | L1_IsolatedBunch                              |
2026-02-12 10:59:26 INFO : |   489 |  0.000% |    0.000% |  0.000% | L1_LastBunchInTrain                           |
2026-02-12 10:59:26 INFO : |   491 |  0.000% |    0.000% |  0.000% | L1_LastCollisionInTrain                       |
2026-02-12 10:59:26 INFO : |   477 |  0.000% |    0.000% |  0.000% | L1_NotBptxOR                                  |
2026-02-12 10:59:26 INFO : |   487 |  0.000% |    0.000% |  0.000% | L1_SecondBunchInTrain                         |
2026-02-12 10:59:26 INFO : |   488 |  0.000% |    0.000% |  0.000% | L1_SecondLastBunchInTrain                     |
2026-02-12 10:59:26 INFO : |   119 |  0.000% |    0.000% |  0.000% | L1_SingleMuShower_Nominal                     |
2026-02-12 10:59:26 INFO : |   120 |  0.000% |    0.000% |  0.000% | L1_SingleMuShower_Tight                       |
2026-02-12 10:59:26 INFO : |   508 |  0.000% |    0.000% |  0.000% | L1_TOTEM_1                                    |
2026-02-12 10:59:26 INFO : |   509 |  0.000% |    0.000% |  0.000% | L1_TOTEM_2                                    |
2026-02-12 10:59:26 INFO : |   510 |  0.000% |    0.000% |  0.000% | L1_TOTEM_3                                    |
2026-02-12 10:59:26 INFO : |   511 |  0.000% |    0.000% |  0.000% | L1_TOTEM_4                                    |
2026-02-12 10:59:26 INFO : |   121 |  0.000% |    0.000% |  0.000% | L1_TwoMuShower_Loose                          |
2026-02-12 10:59:26 INFO : |   483 |  0.000% |    0.000% |  0.000% | L1_UnpairedBunchBptxMinus                     |
2026-02-12 10:59:26 INFO : |   482 |  0.000% |    0.000% |  0.000% | L1_UnpairedBunchBptxPlus                      |
2026-02-12 10:59:26 INFO : |   473 |  0.000% |    0.000% |  0.000% | L1_ZeroBias                                   |
2026-02-12 10:59:26 INFO : |   474 |  0.000% |    0.000% |  0.000% | L1_ZeroBias_copy                              |
2026-02-12 10:59:26 INFO : |   429 |  0.000% |    0.001% |  0.000% | L1_CICADA_Loose                               |
2026-02-12 10:59:26 INFO : |   430 |  0.000% |    0.001% |  0.000% | L1_CICADA_Medium                              |
2026-02-12 10:59:26 INFO : |   260 |  0.000% |    0.001% |  0.000% | L1_CICADA_Parking1                            |
2026-02-12 10:59:26 INFO : |   261 |  0.000% |    0.001% |  0.000% | L1_CICADA_Parking2                            |
2026-02-12 10:59:26 INFO : |   262 |  0.000% |    0.001% |  0.000% | L1_CICADA_Parking3                            |
2026-02-12 10:59:26 INFO : |   431 |  0.000% |    0.001% |  0.000% | L1_CICADA_Tight                               |
2026-02-12 10:59:26 INFO : |   428 |  0.000% |    0.001% |  0.000% | L1_CICADA_VLoose                              |
2026-02-12 10:59:26 INFO : |   432 |  0.000% |    0.001% |  0.000% | L1_CICADA_VTight                              |
2026-02-12 10:59:26 INFO : |   433 |  0.000% |    0.001% |  0.000% | L1_CICADA_VVTight                             |
2026-02-12 10:59:26 INFO : |   434 |  0.000% |    0.001% |  0.000% | L1_CICADA_VVVTight                            |
2026-02-12 10:59:26 INFO : |   435 |  0.000% |    0.001% |  0.000% | L1_CICADA_VVVVTight                           |
2026-02-12 10:59:26 INFO : |   398 |  0.000% |    0.001% |  0.000% | L1_ETM120                                     |
2026-02-12 10:59:26 INFO : |   399 |  0.000% |    0.001% |  0.000% | L1_ETM150                                     |
2026-02-12 10:59:26 INFO : |   403 |  0.000% |    0.001% |  0.000% | L1_ETMHF100                                   |
2026-02-12 10:59:26 INFO : |   404 |  0.000% |    0.001% |  0.000% | L1_ETMHF110                                   |
2026-02-12 10:59:26 INFO : |   405 |  0.000% |    0.001% |  0.000% | L1_ETMHF120                                   |
2026-02-12 10:59:26 INFO : |   406 |  0.000% |    0.001% |  0.000% | L1_ETMHF130                                   |
2026-02-12 10:59:26 INFO : |   407 |  0.000% |    0.001% |  0.000% | L1_ETMHF140                                   |
2026-02-12 10:59:26 INFO : |   408 |  0.000% |    0.001% |  0.000% | L1_ETMHF150                                   |
2026-02-12 10:59:26 INFO : |   332 |  0.000% |    0.001% |  0.000% | L1_ETMHF40                                    |
2026-02-12 10:59:26 INFO : |   333 |  0.000% |    0.001% |  0.000% | L1_ETMHF50                                    |
2026-02-12 10:59:26 INFO : |   400 |  0.000% |    0.001% |  0.000% | L1_ETMHF70                                    |
2026-02-12 10:59:26 INFO : |   401 |  0.000% |    0.001% |  0.000% | L1_ETMHF80                                    |
2026-02-12 10:59:26 INFO : |   402 |  0.000% |    0.001% |  0.000% | L1_ETMHF90                                    |
2026-02-12 10:59:26 INFO : |   397 |  0.000% |    0.001% |  0.000% | L1_ETT2000                                    |
2026-02-12 10:59:26 INFO : |   416 |  0.000% |    0.001% |  0.000% | L1_HTMHF100                                   |
2026-02-12 10:59:26 INFO : |   417 |  0.000% |    0.001% |  0.000% | L1_HTMHF120                                   |
2026-02-12 10:59:26 INFO : |   418 |  0.000% |    0.001% |  0.000% | L1_HTMHF125                                   |
2026-02-12 10:59:26 INFO : |   419 |  0.000% |    0.001% |  0.000% | L1_HTMHF130                                   |
2026-02-12 10:59:26 INFO : |   420 |  0.000% |    0.001% |  0.000% | L1_HTMHF150                                   |
2026-02-12 10:59:26 INFO : |   335 |  0.000% |    0.001% |  0.000% | L1_HTT100er                                   |
2026-02-12 10:59:26 INFO : |   388 |  0.000% |    0.001% |  0.000% | L1_HTT120er                                   |
2026-02-12 10:59:26 INFO : |   389 |  0.000% |    0.001% |  0.000% | L1_HTT160er                                   |
2026-02-12 10:59:26 INFO : |   390 |  0.000% |    0.001% |  0.000% | L1_HTT200er                                   |
2026-02-12 10:59:26 INFO : |   391 |  0.000% |    0.001% |  0.000% | L1_HTT255er                                   |
2026-02-12 10:59:26 INFO : |   392 |  0.000% |    0.001% |  0.000% | L1_HTT280er                                   |
2026-02-12 10:59:26 INFO : |   393 |  0.000% |    0.001% |  0.000% | L1_HTT320er                                   |
2026-02-12 10:59:26 INFO : |   394 |  0.000% |    0.001% |  0.000% | L1_HTT360er                                   |
2026-02-12 10:59:26 INFO : |   395 |  0.000% |    0.001% |  0.000% | L1_HTT400er                                   |
2026-02-12 10:59:26 INFO : |   396 |  0.000% |    0.001% |  0.000% | L1_HTT450er                                   |
2026-02-12 10:59:26 INFO : |   334 |  0.000% |    0.001% |  0.000% | L1_HTT80er                                    |
2026-02-12 10:59:26 INFO : |   412 |  0.000% |    0.002% |  0.000% | L1_ETMHF100_HTT60er                           |
2026-02-12 10:59:26 INFO : |   413 |  0.000% |    0.002% |  0.000% | L1_ETMHF110_HTT60er                           |
2026-02-12 10:59:26 INFO : |   414 |  0.000% |    0.002% |  0.000% | L1_ETMHF120_HTT60er                           |
2026-02-12 10:59:26 INFO : |   415 |  0.000% |    0.002% |  0.000% | L1_ETMHF130_HTT60er                           |
2026-02-12 10:59:26 INFO : |   409 |  0.000% |    0.002% |  0.000% | L1_ETMHF70_HTT60er                            |
2026-02-12 10:59:26 INFO : |   410 |  0.000% |    0.002% |  0.000% | L1_ETMHF80_HTT60er                            |
2026-02-12 10:59:26 INFO : |   411 |  0.000% |    0.002% |  0.000% | L1_ETMHF90_HTT60er                            |
2026-02-12 10:59:26 INFO : |   476 |  0.000% |    0.002% |  0.000% | L1_MinimumBiasHF0                             |
2026-02-12 10:59:26 INFO : |   475 |  0.000% |    0.002% |  0.000% | L1_MinimumBiasHF0_AND_BptxAND                 |
2026-02-12 10:59:26 INFO : |   422 |  0.000% |    0.003% |  0.000% | L1_AXO_Loose                                  |
2026-02-12 10:59:26 INFO : |   423 |  0.000% |    0.003% |  0.000% | L1_AXO_Medium                                 |
2026-02-12 10:59:26 INFO : |   424 |  0.000% |    0.003% |  0.000% | L1_AXO_Tight                                  |
2026-02-12 10:59:26 INFO : |   421 |  0.000% |    0.003% |  0.000% | L1_AXO_VLoose                                 |
2026-02-12 10:59:26 INFO : |   425 |  0.000% |    0.003% |  0.000% | L1_AXO_VTight                                 |
2026-02-12 10:59:26 INFO : |   426 |  0.000% |    0.003% |  0.000% | L1_AXO_VVTight                                |
2026-02-12 10:59:26 INFO : |   427 |  0.000% |    0.003% |  0.000% | L1_AXO_VVVTight                               |
2026-02-12 10:59:26 INFO : |     0 |  0.000% |    0.006% |  0.000% | L1_SingleMuCosmics                            |
2026-02-12 10:59:26 INFO : |     8 |  0.000% |    0.007% |  0.000% | L1_SingleMu0_DQ                               |
2026-02-12 10:59:26 INFO : |    23 |  0.000% |    0.007% |  0.000% | L1_SingleMu12_DQ                              |
2026-02-12 10:59:26 INFO : |    37 |  0.000% |    0.007% |  0.000% | L1_SingleMu15_DQ                              |
2026-02-12 10:59:26 INFO : |    38 |  0.000% |    0.007% |  0.000% | L1_SingleMu18                                 |
2026-02-12 10:59:26 INFO : |    39 |  0.000% |    0.007% |  0.000% | L1_SingleMu20                                 |
2026-02-12 10:59:26 INFO : |    42 |  0.000% |    0.007% |  0.000% | L1_SingleMu22                                 |
2026-02-12 10:59:26 INFO : |    41 |  0.000% |    0.007% |  0.000% | L1_SingleMu22_DQ                              |
2026-02-12 10:59:26 INFO : |    40 |  0.000% |    0.007% |  0.000% | L1_SingleMu22_OQ                              |
2026-02-12 10:59:26 INFO : |    52 |  0.000% |    0.007% |  0.000% | L1_SingleMu25                                 |
2026-02-12 10:59:26 INFO : |    19 |  0.000% |    0.007% |  0.000% | L1_SingleMu3                                  |
2026-02-12 10:59:26 INFO : |    20 |  0.000% |    0.007% |  0.000% | L1_SingleMu5                                  |
2026-02-12 10:59:26 INFO : |    22 |  0.000% |    0.007% |  0.000% | L1_SingleMu7                                  |
2026-02-12 10:59:26 INFO : |    21 |  0.000% |    0.007% |  0.000% | L1_SingleMu7_DQ                               |
2026-02-12 10:59:26 INFO : |     4 |  0.000% |    0.007% |  0.000% | L1_SingleMuOpen                               |
2026-02-12 10:59:26 INFO : |   436 |  0.000% |    0.007% |  0.000% | L1_SingleMuOpen_NotBptxOR                     |
2026-02-12 10:59:26 INFO : |   151 |  0.000% |    0.008% |  0.000% | L1_Mu12_HTT150er                              |
2026-02-12 10:59:26 INFO : |   152 |  0.000% |    0.008% |  0.000% | L1_Mu14_HTT150er                              |
2026-02-12 10:59:26 INFO : |   149 |  0.000% |    0.008% |  0.000% | L1_Mu6_HTT240er                               |
2026-02-12 10:59:26 INFO : |   150 |  0.000% |    0.008% |  0.000% | L1_Mu6_HTT250er                               |
2026-02-12 10:59:26 INFO : |   459 |  0.000% |    0.008% |  0.000% | L1_SingleEG5                                  |
2026-02-12 10:59:26 INFO : |   190 |  0.000% |    0.008% |  0.000% | L1_SingleEG50                                 |
2026-02-12 10:59:26 INFO : |   457 |  0.000% |    0.008% |  0.000% | L1_SingleEG5_BptxAND                          |
2026-02-12 10:59:26 INFO : |   191 |  0.000% |    0.008% |  0.000% | L1_SingleEG60                                 |
2026-02-12 10:59:26 INFO : |   460 |  0.000% |    0.008% |  0.000% | L1_SingleEG7                                  |
2026-02-12 10:59:26 INFO : |   458 |  0.000% |    0.008% |  0.000% | L1_SingleEG7_BptxAND                          |
2026-02-12 10:59:26 INFO : |   303 |  0.000% |    0.008% |  0.000% | L1_SingleJet120                               |
2026-02-12 10:59:26 INFO : |   445 |  0.000% |    0.008% |  0.000% | L1_SingleJet12_BptxAND                        |
2026-02-12 10:59:26 INFO : |   446 |  0.000% |    0.008% |  0.000% | L1_SingleJet16_BptxAND                        |
2026-02-12 10:59:26 INFO : |   304 |  0.000% |    0.008% |  0.000% | L1_SingleJet180                               |
2026-02-12 10:59:26 INFO : |   305 |  0.000% |    0.008% |  0.000% | L1_SingleJet200                               |
2026-02-12 10:59:26 INFO : |   447 |  0.000% |    0.008% |  0.000% | L1_SingleJet20_BptxAND                        |
2026-02-12 10:59:26 INFO : |   448 |  0.000% |    0.008% |  0.000% | L1_SingleJet24_BptxAND                        |
2026-02-12 10:59:26 INFO : |   296 |  0.000% |    0.008% |  0.000% | L1_SingleJet35                                |
2026-02-12 10:59:26 INFO : |   301 |  0.000% |    0.008% |  0.000% | L1_SingleJet60                                |
2026-02-12 10:59:26 INFO : |   454 |  0.000% |    0.008% |  0.000% | L1_SingleJet8                                 |
2026-02-12 10:59:26 INFO : |   444 |  0.000% |    0.008% |  0.000% | L1_SingleJet8_BptxAND                         |
2026-02-12 10:59:26 INFO : |   302 |  0.000% |    0.008% |  0.000% | L1_SingleJet90                                |
2026-02-12 10:59:26 INFO : |    15 |  0.000% |    0.011% |  0.000% | L1_SingleMu0_Upt10                            |
2026-02-12 10:59:26 INFO : |     1 |  0.000% |    0.011% |  0.000% | L1_SingleMuCosmics_BMTF                       |
2026-02-12 10:59:26 INFO : |   380 |  0.000% |    0.012% |  0.000% | L1_HTT120_SingleLLPJet40                      |
2026-02-12 10:59:26 INFO : |   381 |  0.000% |    0.012% |  0.000% | L1_HTT160_SingleLLPJet50                      |
2026-02-12 10:59:26 INFO : |   382 |  0.000% |    0.012% |  0.000% | L1_HTT200_SingleLLPJet60                      |
2026-02-12 10:59:26 INFO : |   383 |  0.000% |    0.012% |  0.000% | L1_HTT240_SingleLLPJet70                      |
2026-02-12 10:59:26 INFO : |     9 |  0.000% |    0.013% |  0.000% | L1_SingleMu0_BMTF                             |
2026-02-12 10:59:26 INFO : |    12 |  0.000% |    0.013% |  0.000% | L1_SingleMu0_SQ13_BMTF                        |
2026-02-12 10:59:26 INFO : |    13 |  0.000% |    0.013% |  0.000% | L1_SingleMu0_SQ14_BMTF                        |
2026-02-12 10:59:26 INFO : |    14 |  0.000% |    0.013% |  0.000% | L1_SingleMu0_SQ15_BMTF                        |
2026-02-12 10:59:26 INFO : |    30 |  0.000% |    0.013% |  0.000% | L1_SingleMu10_SQ14_BMTF                       |
2026-02-12 10:59:26 INFO : |    31 |  0.000% |    0.013% |  0.000% | L1_SingleMu11_SQ14_BMTF                       |
2026-02-12 10:59:26 INFO : |    34 |  0.000% |    0.013% |  0.000% | L1_SingleMu12_DQ_BMTF                         |
2026-02-12 10:59:26 INFO : |    32 |  0.000% |    0.013% |  0.000% | L1_SingleMu13_SQ14_BMTF                       |
2026-02-12 10:59:26 INFO : |    43 |  0.000% |    0.013% |  0.000% | L1_SingleMu22_BMTF                            |
2026-02-12 10:59:26 INFO : |    47 |  0.000% |    0.013% |  0.000% | L1_SingleMu22_BMTF_NEG                        |
2026-02-12 10:59:26 INFO : |    46 |  0.000% |    0.013% |  0.000% | L1_SingleMu22_BMTF_POS                        |
2026-02-12 10:59:26 INFO : |    51 |  0.000% |    0.013% |  0.000% | L1_SingleMu22_EMTF_NEG                        |
2026-02-12 10:59:26 INFO : |    50 |  0.000% |    0.013% |  0.000% | L1_SingleMu22_EMTF_POS                        |
2026-02-12 10:59:26 INFO : |    49 |  0.000% |    0.013% |  0.000% | L1_SingleMu22_OMTF_NEG                        |
2026-02-12 10:59:26 INFO : |    48 |  0.000% |    0.013% |  0.000% | L1_SingleMu22_OMTF_POS                        |
2026-02-12 10:59:26 INFO : |    24 |  0.000% |    0.013% |  0.000% | L1_SingleMu5_BMTF                             |
2026-02-12 10:59:26 INFO : |    25 |  0.000% |    0.013% |  0.000% | L1_SingleMu5_SQ14_BMTF                        |
2026-02-12 10:59:26 INFO : |    26 |  0.000% |    0.013% |  0.000% | L1_SingleMu6_SQ14_BMTF                        |
2026-02-12 10:59:26 INFO : |    27 |  0.000% |    0.013% |  0.000% | L1_SingleMu7_SQ14_BMTF                        |
2026-02-12 10:59:26 INFO : |    28 |  0.000% |    0.013% |  0.000% | L1_SingleMu8_SQ14_BMTF                        |
2026-02-12 10:59:26 INFO : |    29 |  0.000% |    0.013% |  0.000% | L1_SingleMu9_SQ14_BMTF                        |
2026-02-12 10:59:26 INFO : |     5 |  0.000% |    0.013% |  0.000% | L1_SingleMuOpen_BMTF                          |
2026-02-12 10:59:26 INFO : |   438 |  0.000% |    0.013% |  0.000% | L1_SingleMuOpen_er1p1_NotBptxOR_3BX           |
2026-02-12 10:59:26 INFO : |   437 |  0.000% |    0.013% |  0.000% | L1_SingleMuOpen_er1p4_NotBptxOR_3BX           |
2026-02-12 10:59:26 INFO : |    57 |  0.000% |    0.015% |  0.000% | L1_DoubleMu0                                  |
2026-02-12 10:59:26 INFO : |    56 |  0.000% |    0.015% |  0.000% | L1_DoubleMu0_OQ                               |
2026-02-12 10:59:26 INFO : |    58 |  0.000% |    0.015% |  0.000% | L1_DoubleMu0_SQ                               |
2026-02-12 10:59:26 INFO : |    61 |  0.000% |    0.015% |  0.000% | L1_DoubleMu8_SQ                               |
2026-02-12 10:59:26 INFO : |    62 |  0.000% |    0.015% |  0.000% | L1_DoubleMu9_SQ                               |
2026-02-12 10:59:26 INFO : |    63 |  0.000% |    0.015% |  0.000% | L1_DoubleMu_12_5                              |
2026-02-12 10:59:26 INFO : |    64 |  0.000% |    0.015% |  0.000% | L1_DoubleMu_15_5_SQ                           |
2026-02-12 10:59:26 INFO : |    65 |  0.000% |    0.015% |  0.000% | L1_DoubleMu_15_7                              |
2026-02-12 10:59:26 INFO : |    66 |  0.000% |    0.015% |  0.000% | L1_DoubleMu_15_7_SQ                           |
2026-02-12 10:59:26 INFO : |    59 |  0.000% |    0.015% |  0.000% | L1_DoubleMu0_SQ_OS                            |
2026-02-12 10:59:26 INFO : |    89 |  0.000% |    0.015% |  0.000% | L1_DoubleMu4_SQ_OS                            |
2026-02-12 10:59:26 INFO : |    92 |  0.000% |    0.015% |  0.000% | L1_DoubleMu4p5_SQ_OS                          |
2026-02-12 10:59:26 INFO : |   164 |  0.000% |    0.016% |  0.000% | L1_DoubleMu3_SQ_HTT220er                      |
2026-02-12 10:59:26 INFO : |   469 |  0.000% |    0.017% |  0.000% | L1_DoubleEG2                                  |
2026-02-12 10:59:26 INFO : |   463 |  0.000% |    0.017% |  0.000% | L1_DoubleEG2_BptxAND                          |
2026-02-12 10:59:26 INFO : |   465 |  0.000% |    0.017% |  0.000% | L1_DoubleEG3_BptxAND                          |
2026-02-12 10:59:26 INFO : |   467 |  0.000% |    0.017% |  0.000% | L1_DoubleEG4_BptxAND                          |
2026-02-12 10:59:26 INFO : |   156 |  0.000% |    0.017% |  0.000% | L1_DoubleMu3_SQ_ETMHF30_HTT60er               |
2026-02-12 10:59:26 INFO : |   157 |  0.000% |    0.017% |  0.000% | L1_DoubleMu3_SQ_ETMHF40_HTT60er               |
2026-02-12 10:59:26 INFO : |   158 |  0.000% |    0.017% |  0.000% | L1_DoubleMu3_SQ_ETMHF50_HTT60er               |
2026-02-12 10:59:26 INFO : |   174 |  0.000% |    0.017% |  0.000% | L1_SingleEG10er2p5                            |
2026-02-12 10:59:26 INFO : |   175 |  0.000% |    0.017% |  0.000% | L1_SingleEG15er2p5                            |
2026-02-12 10:59:26 INFO : |   171 |  0.000% |    0.017% |  0.000% | L1_SingleEG18er2p5                            |
2026-02-12 10:59:26 INFO : |   172 |  0.000% |    0.017% |  0.000% | L1_SingleEG20er2p5                            |
2026-02-12 10:59:26 INFO : |   176 |  0.000% |    0.017% |  0.000% | L1_SingleEG26er2p5                            |
2026-02-12 10:59:26 INFO : |   177 |  0.000% |    0.017% |  0.000% | L1_SingleEG28er1p3                            |
2026-02-12 10:59:26 INFO : |   183 |  0.000% |    0.017% |  0.000% | L1_SingleEG28er1p5                            |
2026-02-12 10:59:26 INFO : |   182 |  0.000% |    0.017% |  0.000% | L1_SingleEG28er2p1                            |
2026-02-12 10:59:26 INFO : |   181 |  0.000% |    0.017% |  0.000% | L1_SingleEG28er2p5                            |
2026-02-12 10:59:26 INFO : |   184 |  0.000% |    0.017% |  0.000% | L1_SingleEG34er2p5                            |
2026-02-12 10:59:26 INFO : |   185 |  0.000% |    0.017% |  0.000% | L1_SingleEG36er2p5                            |
2026-02-12 10:59:26 INFO : |   186 |  0.000% |    0.017% |  0.000% | L1_SingleEG38er2p5                            |
2026-02-12 10:59:26 INFO : |   187 |  0.000% |    0.017% |  0.000% | L1_SingleEG40er2p5                            |
2026-02-12 10:59:26 INFO : |   188 |  0.000% |    0.017% |  0.000% | L1_SingleEG42er2p5                            |
2026-02-12 10:59:26 INFO : |   189 |  0.000% |    0.017% |  0.000% | L1_SingleEG45er2p5                            |
2026-02-12 10:59:26 INFO : |   461 |  0.000% |    0.017% |  0.000% | L1_SingleEG5er1p52                            |
2026-02-12 10:59:26 INFO : |   462 |  0.000% |    0.017% |  0.000% | L1_SingleEG7er1p52                            |
2026-02-12 10:59:26 INFO : |   173 |  0.000% |    0.017% |  0.000% | L1_SingleEG8er2p5                             |
2026-02-12 10:59:26 INFO : |   308 |  0.000% |    0.017% |  0.000% | L1_SingleJet120er1p3                          |
2026-02-12 10:59:26 INFO : |   309 |  0.000% |    0.017% |  0.000% | L1_SingleJet120er2p5                          |
2026-02-12 10:59:26 INFO : |   450 |  0.000% |    0.017% |  0.000% | L1_SingleJet12er1p3_BptxAND                   |
2026-02-12 10:59:26 INFO : |   310 |  0.000% |    0.017% |  0.000% | L1_SingleJet140er2p5                          |
2026-02-12 10:59:26 INFO : |   311 |  0.000% |    0.017% |  0.000% | L1_SingleJet160er2p5                          |
2026-02-12 10:59:26 INFO : |   451 |  0.000% |    0.017% |  0.000% | L1_SingleJet16er1p3_BptxAND                   |
2026-02-12 10:59:26 INFO : |   312 |  0.000% |    0.017% |  0.000% | L1_SingleJet180er2p5                          |
2026-02-12 10:59:26 INFO : |   452 |  0.000% |    0.017% |  0.000% | L1_SingleJet20er1p3_BptxAND                   |
2026-02-12 10:59:26 INFO : |   295 |  0.000% |    0.017% |  0.000% | L1_SingleJet20er1p3_NotBptxOR                 |
2026-02-12 10:59:26 INFO : |   439 |  0.000% |    0.017% |  0.000% | L1_SingleJet20er2p5_NotBptxOR                 |
2026-02-12 10:59:26 INFO : |   440 |  0.000% |    0.017% |  0.000% | L1_SingleJet20er2p5_NotBptxOR_3BX             |
2026-02-12 10:59:26 INFO : |   453 |  0.000% |    0.017% |  0.000% | L1_SingleJet24er1p3_BptxAND                   |
2026-02-12 10:59:26 INFO : |   293 |  0.000% |    0.017% |  0.000% | L1_SingleJet30er2p5_NotBptxOR                 |
2026-02-12 10:59:26 INFO : |   306 |  0.000% |    0.017% |  0.000% | L1_SingleJet35er1p3                           |
2026-02-12 10:59:26 INFO : |   307 |  0.000% |    0.017% |  0.000% | L1_SingleJet35er2p5                           |
2026-02-12 10:59:26 INFO : |   441 |  0.000% |    0.017% |  0.000% | L1_SingleJet43er2p5_NotBptxOR_3BX             |
2026-02-12 10:59:26 INFO : |   442 |  0.000% |    0.017% |  0.000% | L1_SingleJet46er2p5_NotBptxOR_3BX             |
2026-02-12 10:59:26 INFO : |   297 |  0.000% |    0.017% |  0.000% | L1_SingleJet60er1p3                           |
2026-02-12 10:59:26 INFO : |   455 |  0.000% |    0.017% |  0.000% | L1_SingleJet8er1p3                            |
2026-02-12 10:59:26 INFO : |   449 |  0.000% |    0.017% |  0.000% | L1_SingleJet8er1p3_BptxAND                    |
2026-02-12 10:59:26 INFO : |   456 |  0.000% |    0.017% |  0.000% | L1_SingleJet8er2p13                           |
2026-02-12 10:59:26 INFO : |    16 |  0.000% |    0.017% |  0.000% | L1_SingleMu0_Upt10_BMTF                       |
2026-02-12 10:59:26 INFO : |    53 |  0.000% |    0.017% |  0.000% | L1_SingleMu0_Upt15_SQ14_BMTF                  |
2026-02-12 10:59:26 INFO : |    54 |  0.000% |    0.017% |  0.000% | L1_SingleMu0_Upt20_SQ14_BMTF                  |
2026-02-12 10:59:26 INFO : |     3 |  0.000% |    0.017% |  0.000% | L1_SingleMuCosmics_EMTF                       |
2026-02-12 10:59:26 INFO : |     2 |  0.000% |    0.017% |  0.000% | L1_SingleMuCosmics_OMTF                       |
2026-02-12 10:59:26 INFO : |   263 |  0.000% |    0.017% |  0.000% | L1_SingleTau120er2p1                          |
2026-02-12 10:59:26 INFO : |   264 |  0.000% |    0.017% |  0.000% | L1_SingleTau130er2p1                          |
2026-02-12 10:59:26 INFO : |   328 |  0.000% |    0.018% |  0.000% | L1_ETMHF80_SingleJet55er2p5_dPhi_Min2p1       |
2026-02-12 10:59:26 INFO : |   329 |  0.000% |    0.018% |  0.000% | L1_ETMHF80_SingleJet55er2p5_dPhi_Min2p6       |
2026-02-12 10:59:26 INFO : |   330 |  0.000% |    0.018% |  0.000% | L1_ETMHF90_SingleJet60er2p5_dPhi_Min2p1       |
2026-02-12 10:59:26 INFO : |   331 |  0.000% |    0.018% |  0.000% | L1_ETMHF90_SingleJet60er2p5_dPhi_Min2p6       |
2026-02-12 10:59:26 INFO : |    11 |  0.000% |    0.018% |  0.000% | L1_SingleMu0_EMTF                             |
2026-02-12 10:59:26 INFO : |    10 |  0.000% |    0.018% |  0.000% | L1_SingleMu0_OMTF                             |
2026-02-12 10:59:26 INFO : |    36 |  0.000% |    0.018% |  0.000% | L1_SingleMu12_DQ_EMTF                         |
2026-02-12 10:59:26 INFO : |    35 |  0.000% |    0.018% |  0.000% | L1_SingleMu12_DQ_OMTF                         |
2026-02-12 10:59:26 INFO : |    45 |  0.000% |    0.018% |  0.000% | L1_SingleMu22_EMTF                            |
2026-02-12 10:59:26 INFO : |    44 |  0.000% |    0.018% |  0.000% | L1_SingleMu22_OMTF                            |
2026-02-12 10:59:26 INFO : |     7 |  0.000% |    0.018% |  0.000% | L1_SingleMuOpen_EMTF                          |
2026-02-12 10:59:26 INFO : |     6 |  0.000% |    0.018% |  0.000% | L1_SingleMuOpen_OMTF                          |
2026-02-12 10:59:26 INFO : |   203 |  0.000% |    0.019% |  0.000% | L1_SingleIsoEG24er2p1                         |
2026-02-12 10:59:26 INFO : |   205 |  0.000% |    0.019% |  0.000% | L1_SingleIsoEG26er2p1                         |
2026-02-12 10:59:26 INFO : |   204 |  0.000% |    0.019% |  0.000% | L1_SingleIsoEG26er2p5                         |
2026-02-12 10:59:26 INFO : |   206 |  0.000% |    0.019% |  0.000% | L1_SingleIsoEG28er1p3                         |
2026-02-12 10:59:26 INFO : |   212 |  0.000% |    0.019% |  0.000% | L1_SingleIsoEG28er1p5                         |
2026-02-12 10:59:26 INFO : |   211 |  0.000% |    0.019% |  0.000% | L1_SingleIsoEG28er2p1                         |
2026-02-12 10:59:26 INFO : |   210 |  0.000% |    0.019% |  0.000% | L1_SingleIsoEG28er2p5                         |
2026-02-12 10:59:26 INFO : |   214 |  0.000% |    0.019% |  0.000% | L1_SingleIsoEG30er2p1                         |
2026-02-12 10:59:26 INFO : |   213 |  0.000% |    0.019% |  0.000% | L1_SingleIsoEG30er2p5                         |
2026-02-12 10:59:26 INFO : |   216 |  0.000% |    0.019% |  0.000% | L1_SingleIsoEG32er2p1                         |
2026-02-12 10:59:26 INFO : |   215 |  0.000% |    0.019% |  0.000% | L1_SingleIsoEG32er2p5                         |
2026-02-12 10:59:26 INFO : |   217 |  0.000% |    0.019% |  0.000% | L1_SingleIsoEG34er2p5                         |
2026-02-12 10:59:26 INFO : |   193 |  0.000% |    0.019% |  0.000% | L1_SingleLooseIsoEG26er1p5                    |
2026-02-12 10:59:26 INFO : |   192 |  0.000% |    0.019% |  0.000% | L1_SingleLooseIsoEG26er2p5                    |
2026-02-12 10:59:26 INFO : |   194 |  0.000% |    0.019% |  0.000% | L1_SingleLooseIsoEG28er1p3                    |
2026-02-12 10:59:26 INFO : |   200 |  0.000% |    0.019% |  0.000% | L1_SingleLooseIsoEG28er1p5                    |
2026-02-12 10:59:26 INFO : |   199 |  0.000% |    0.019% |  0.000% | L1_SingleLooseIsoEG28er2p1                    |
2026-02-12 10:59:26 INFO : |   198 |  0.000% |    0.019% |  0.000% | L1_SingleLooseIsoEG28er2p5                    |
2026-02-12 10:59:26 INFO : |   202 |  0.000% |    0.019% |  0.000% | L1_SingleLooseIsoEG30er1p5                    |
2026-02-12 10:59:26 INFO : |   201 |  0.000% |    0.019% |  0.000% | L1_SingleLooseIsoEG30er2p5                    |
2026-02-12 10:59:26 INFO : |   241 |  0.000% |    0.020% |  0.000% | L1_LooseIsoEG14er2p5_HTT200er                 |
2026-02-12 10:59:26 INFO : |   242 |  0.000% |    0.020% |  0.000% | L1_LooseIsoEG16er2p5_HTT200er                 |
2026-02-12 10:59:26 INFO : |   379 |  0.000% |    0.022% |  0.000% | L1_DoubleLLPJet40                             |
2026-02-12 10:59:26 INFO : |    18 |  0.000% |    0.022% |  0.000% | L1_SingleMu0_Upt10_EMTF                       |
2026-02-12 10:59:26 INFO : |    17 |  0.000% |    0.022% |  0.000% | L1_SingleMu0_Upt10_OMTF                       |
2026-02-12 10:59:26 INFO : |    99 |  0.000% |    0.022% |  0.000% | L1_TripleMu0                                  |
2026-02-12 10:59:26 INFO : |    98 |  0.000% |    0.022% |  0.000% | L1_TripleMu0_OQ                               |
2026-02-12 10:59:26 INFO : |   100 |  0.000% |    0.022% |  0.000% | L1_TripleMu0_SQ                               |
2026-02-12 10:59:26 INFO : |   101 |  0.000% |    0.022% |  0.000% | L1_TripleMu3                                  |
2026-02-12 10:59:26 INFO : |   102 |  0.000% |    0.022% |  0.000% | L1_TripleMu3_SQ                               |
2026-02-12 10:59:26 INFO : |   103 |  0.000% |    0.022% |  0.000% | L1_TripleMu_3SQ_2p5SQ_0                       |
2026-02-12 10:59:26 INFO : |   105 |  0.000% |    0.022% |  0.000% | L1_TripleMu_5SQ_3SQ_0OQ                       |
2026-02-12 10:59:26 INFO : |   107 |  0.000% |    0.022% |  0.000% | L1_TripleMu_5_3_3                             |
2026-02-12 10:59:26 INFO : |   108 |  0.000% |    0.022% |  0.000% | L1_TripleMu_5_3_3_SQ                          |
2026-02-12 10:59:26 INFO : |   106 |  0.000% |    0.022% |  0.000% | L1_TripleMu_5_3p5_2p5                         |
2026-02-12 10:59:26 INFO : |   109 |  0.000% |    0.022% |  0.000% | L1_TripleMu_5_5_3                             |
2026-02-12 10:59:26 INFO : |   125 |  0.000% |    0.024% |  0.000% | L1_Mu20_EG10er2p5                             |
2026-02-12 10:59:26 INFO : |   137 |  0.000% |    0.024% |  0.000% | L1_Mu3_Jet30er2p5                             |
2026-02-12 10:59:26 INFO : |   122 |  0.000% |    0.024% |  0.000% | L1_Mu5_EG23er2p5                              |
2026-02-12 10:59:26 INFO : |   123 |  0.000% |    0.024% |  0.000% | L1_Mu7_EG20er2p5                              |
2026-02-12 10:59:26 INFO : |   124 |  0.000% |    0.024% |  0.000% | L1_Mu7_EG23er2p5                              |
2026-02-12 10:59:26 INFO : |   179 |  0.000% |    0.025% |  0.000% | L1_SingleEG28er2p5to3p0                       |
2026-02-12 10:59:26 INFO : |   320 |  0.000% |    0.025% |  0.000% | L1_SingleJet10erHE                            |
2026-02-12 10:59:26 INFO : |   321 |  0.000% |    0.025% |  0.000% | L1_SingleJet12erHE                            |
2026-02-12 10:59:26 INFO : |   294 |  0.000% |    0.025% |  0.000% | L1_SingleJet20er1p3to2p5_NotBptxOR            |
2026-02-12 10:59:26 INFO : |   300 |  0.000% |    0.025% |  0.000% | L1_SingleJet60er3p0to5p0                      |
2026-02-12 10:59:26 INFO : |   319 |  0.000% |    0.025% |  0.000% | L1_SingleJet8erHE                             |
2026-02-12 10:59:26 INFO : |    79 |  0.000% |    0.026% |  0.000% | L1_DoubleMu0er1p5_SQ                          |
2026-02-12 10:59:26 INFO : |    68 |  0.000% |    0.026% |  0.000% | L1_DoubleMu18er2p1_SQ                         |
2026-02-12 10:59:26 INFO : |    80 |  0.000% |    0.026% |  0.000% | L1_DoubleMu0er1p5_SQ_OS                       |
2026-02-12 10:59:26 INFO : |    94 |  0.000% |    0.026% |  0.000% | L1_DoubleMu4p5er2p0_SQ_OS                     |
2026-02-12 10:59:26 INFO : |   126 |  0.000% |    0.027% |  0.000% | L1_Mu5_LooseIsoEG20er2p5                      |
2026-02-12 10:59:26 INFO : |   127 |  0.000% |    0.027% |  0.000% | L1_Mu7_LooseIsoEG20er2p5                      |
2026-02-12 10:59:26 INFO : |   128 |  0.000% |    0.027% |  0.000% | L1_Mu7_LooseIsoEG23er2p5                      |
2026-02-12 10:59:26 INFO : |   208 |  0.000% |    0.028% |  0.000% | L1_SingleIsoEG28er2p5to3p0                    |
2026-02-12 10:59:26 INFO : |   196 |  0.000% |    0.028% |  0.000% | L1_SingleLooseIsoEG28er2p5to3p0               |
2026-02-12 10:59:26 INFO : |   279 |  0.000% |    0.030% |  0.000% | L1_Mu18er2p1_Tau24er2p1                       |
2026-02-12 10:59:26 INFO : |   280 |  0.000% |    0.030% |  0.000% | L1_Mu18er2p1_Tau26er2p1                       |
2026-02-12 10:59:26 INFO : |   291 |  0.000% |    0.030% |  0.000% | L1_Mu22er2p1_Tau70er2p1                       |
2026-02-12 10:59:26 INFO : |   117 |  0.000% |    0.030% |  0.000% | L1_QuadMu0                                    |
2026-02-12 10:59:26 INFO : |   116 |  0.000% |    0.030% |  0.000% | L1_QuadMu0_OQ                                 |
2026-02-12 10:59:26 INFO : |   118 |  0.000% |    0.030% |  0.000% | L1_QuadMu0_SQ                                 |
2026-02-12 10:59:26 INFO : |   146 |  0.000% |    0.030% |  0.000% | L1_Mu3er1p5_Jet100er2p5_ETMHF30               |
2026-02-12 10:59:26 INFO : |   147 |  0.000% |    0.030% |  0.000% | L1_Mu3er1p5_Jet100er2p5_ETMHF40               |
2026-02-12 10:59:26 INFO : |   148 |  0.000% |    0.030% |  0.000% | L1_Mu3er1p5_Jet100er2p5_ETMHF50               |
2026-02-12 10:59:26 INFO : |   133 |  0.000% |    0.031% |  0.000% | L1_DoubleMu4_SQ_EG9er2p5                      |
2026-02-12 10:59:26 INFO : |   134 |  0.000% |    0.031% |  0.000% | L1_DoubleMu5_SQ_EG9er2p5                      |
2026-02-12 10:59:26 INFO : |   162 |  0.000% |    0.032% |  0.000% | L1_DoubleMu3_SQ_ETMHF50_Jet60er2p5            |
2026-02-12 10:59:26 INFO : |   163 |  0.000% |    0.032% |  0.000% | L1_DoubleMu3_SQ_ETMHF60_Jet60er2p5            |
2026-02-12 10:59:26 INFO : |   286 |  0.000% |    0.032% |  0.000% | L1_Mu22er2p1_IsoTau30er2p1                    |
2026-02-12 10:59:26 INFO : |   287 |  0.000% |    0.032% |  0.000% | L1_Mu22er2p1_IsoTau32er2p1                    |
2026-02-12 10:59:26 INFO : |   288 |  0.000% |    0.032% |  0.000% | L1_Mu22er2p1_IsoTau34er2p1                    |
2026-02-12 10:59:26 INFO : |   290 |  0.000% |    0.032% |  0.000% | L1_Mu22er2p1_IsoTau40er2p1                    |
2026-02-12 10:59:26 INFO : |   470 |  0.000% |    0.033% |  0.000% | L1_DoubleEG2er2p13                            |
2026-02-12 10:59:26 INFO : |   464 |  0.000% |    0.033% |  0.000% | L1_DoubleEG2er2p13_BptxAND                    |
2026-02-12 10:59:26 INFO : |   466 |  0.000% |    0.033% |  0.000% | L1_DoubleEG3er2p13_BptxAND                    |
2026-02-12 10:59:26 INFO : |   468 |  0.000% |    0.033% |  0.000% | L1_DoubleEG4er2p13_BptxAND                    |
2026-02-12 10:59:26 INFO : |   226 |  0.000% |    0.033% |  0.000% | L1_DoubleEG_15_10_er2p5                       |
2026-02-12 10:59:26 INFO : |   227 |  0.000% |    0.033% |  0.000% | L1_DoubleEG_20_10_er2p5                       |
2026-02-12 10:59:26 INFO : |   228 |  0.000% |    0.033% |  0.000% | L1_DoubleEG_22_10_er2p5                       |
2026-02-12 10:59:26 INFO : |   229 |  0.000% |    0.033% |  0.000% | L1_DoubleEG_25_12_er2p5                       |
2026-02-12 10:59:26 INFO : |   230 |  0.000% |    0.033% |  0.000% | L1_DoubleEG_25_14_er2p5                       |
2026-02-12 10:59:26 INFO : |   231 |  0.000% |    0.033% |  0.000% | L1_DoubleEG_27_14_er2p5                       |
2026-02-12 10:59:26 INFO : |   337 |  0.000% |    0.033% |  0.000% | L1_DoubleJet100er2p5                          |
2026-02-12 10:59:26 INFO : |   338 |  0.000% |    0.033% |  0.000% | L1_DoubleJet120er2p5                          |
2026-02-12 10:59:26 INFO : |   339 |  0.000% |    0.033% |  0.000% | L1_DoubleJet150er2p5                          |
2026-02-12 10:59:26 INFO : |   336 |  0.000% |    0.033% |  0.000% | L1_DoubleJet40er2p5                           |
2026-02-12 10:59:26 INFO : |    74 |  0.000% |    0.033% |  0.000% | L1_DoubleMu0_Upt15_Upt7                       |
2026-02-12 10:59:26 INFO : |    69 |  0.000% |    0.033% |  0.000% | L1_DoubleMu0_Upt5_Upt5                        |
2026-02-12 10:59:26 INFO : |    70 |  0.000% |    0.033% |  0.000% | L1_DoubleMu0_Upt6_SQ_er2p0                    |
2026-02-12 10:59:26 INFO : |    71 |  0.000% |    0.033% |  0.000% | L1_DoubleMu0_Upt7_SQ_er2p0                    |
2026-02-12 10:59:26 INFO : |    72 |  0.000% |    0.033% |  0.000% | L1_DoubleMu0_Upt8_SQ_er2p0                    |
2026-02-12 10:59:26 INFO : |   266 |  0.000% |    0.033% |  0.000% | L1_DoubleTau70er2p1                           |
2026-02-12 10:59:26 INFO : |   180 |  0.000% |    0.033% |  0.000% | L1_SingleEG28_FWD2p5                          |
2026-02-12 10:59:26 INFO : |   178 |  0.000% |    0.033% |  0.000% | L1_SingleEG28er1p3to2p5                       |
2026-02-12 10:59:26 INFO : |   316 |  0.000% |    0.033% |  0.000% | L1_SingleJet120_FWD2p5                        |
2026-02-12 10:59:26 INFO : |   318 |  0.000% |    0.033% |  0.000% | L1_SingleJet120_FWD3p0                        |
2026-02-12 10:59:26 INFO : |   313 |  0.000% |    0.033% |  0.000% | L1_SingleJet35_FWD2p5                         |
2026-02-12 10:59:26 INFO : |   317 |  0.000% |    0.033% |  0.000% | L1_SingleJet35_FWD3p0                         |
2026-02-12 10:59:26 INFO : |   314 |  0.000% |    0.033% |  0.000% | L1_SingleJet60_FWD2p5                         |
2026-02-12 10:59:26 INFO : |   298 |  0.000% |    0.033% |  0.000% | L1_SingleJet60er1p3to2p5                      |
2026-02-12 10:59:26 INFO : |   299 |  0.000% |    0.033% |  0.000% | L1_SingleJet60er2p5to3p0                      |
2026-02-12 10:59:26 INFO : |   315 |  0.000% |    0.033% |  0.000% | L1_SingleJet90_FWD2p5                         |
2026-02-12 10:59:26 INFO : |   248 |  0.000% |    0.034% |  0.000% | L1_DoubleEG8er2p5_HTT280er                    |
2026-02-12 10:59:26 INFO : |   249 |  0.000% |    0.034% |  0.000% | L1_DoubleEG8er2p5_HTT300er                    |
2026-02-12 10:59:26 INFO : |   250 |  0.000% |    0.034% |  0.000% | L1_DoubleEG8er2p5_HTT320er                    |
2026-02-12 10:59:26 INFO : |    73 |  0.000% |    0.035% |  0.000% | L1_DoubleMu0_Upt6_IP_Min1_Upt4                |
2026-02-12 10:59:26 INFO : |   232 |  0.000% |    0.036% |  0.000% | L1_DoubleEG_LooseIso22_12_er2p5               |
2026-02-12 10:59:26 INFO : |   233 |  0.000% |    0.036% |  0.000% | L1_DoubleEG_LooseIso25_12_er2p5               |
2026-02-12 10:59:26 INFO : |   281 |  0.000% |    0.038% |  0.000% | L1_Mu18er2p1_Tau26er2p1_Jet55                 |
2026-02-12 10:59:26 INFO : |   282 |  0.000% |    0.038% |  0.000% | L1_Mu18er2p1_Tau26er2p1_Jet70                 |
2026-02-12 10:59:26 INFO : |   234 |  0.000% |    0.039% |  0.000% | L1_DoubleEG_LooseIso16_LooseIso12_er1p5       |
2026-02-12 10:59:26 INFO : |   235 |  0.000% |    0.039% |  0.000% | L1_DoubleEG_LooseIso18_LooseIso12_er1p5       |
2026-02-12 10:59:26 INFO : |   236 |  0.000% |    0.039% |  0.000% | L1_DoubleEG_LooseIso20_LooseIso12_er1p5       |
2026-02-12 10:59:26 INFO : |   237 |  0.000% |    0.039% |  0.000% | L1_DoubleEG_LooseIso22_LooseIso12_er1p5       |
2026-02-12 10:59:26 INFO : |   238 |  0.000% |    0.039% |  0.000% | L1_DoubleEG_LooseIso25_LooseIso12_er1p5       |
2026-02-12 10:59:26 INFO : |   265 |  0.000% |    0.039% |  0.000% | L1_DoubleIsoTau26er2p1                        |
2026-02-12 10:59:26 INFO : |   267 |  0.000% |    0.039% |  0.000% | L1_DoubleIsoTau28er2p1                        |
2026-02-12 10:59:26 INFO : |   268 |  0.000% |    0.039% |  0.000% | L1_DoubleIsoTau30er2p1                        |
2026-02-12 10:59:26 INFO : |   269 |  0.000% |    0.039% |  0.000% | L1_DoubleIsoTau32er2p1                        |
2026-02-12 10:59:26 INFO : |   270 |  0.000% |    0.039% |  0.000% | L1_DoubleIsoTau34er2p1                        |
2026-02-12 10:59:26 INFO : |   271 |  0.000% |    0.039% |  0.000% | L1_DoubleIsoTau35er2p1                        |
2026-02-12 10:59:26 INFO : |   272 |  0.000% |    0.039% |  0.000% | L1_DoubleIsoTau36er2p1                        |
2026-02-12 10:59:26 INFO : |   239 |  0.000% |    0.039% |  0.000% | L1_DoubleLooseIsoEG22er2p1                    |
2026-02-12 10:59:26 INFO : |   240 |  0.000% |    0.039% |  0.000% | L1_DoubleLooseIsoEG24er2p1                    |
2026-02-12 10:59:26 INFO : |   209 |  0.000% |    0.039% |  0.000% | L1_SingleIsoEG28_FWD2p5                       |
2026-02-12 10:59:26 INFO : |   207 |  0.000% |    0.039% |  0.000% | L1_SingleIsoEG28er1p3to2p5                    |
2026-02-12 10:59:26 INFO : |   197 |  0.000% |    0.039% |  0.000% | L1_SingleLooseIsoEG28_FWD2p5                  |
2026-02-12 10:59:26 INFO : |   195 |  0.000% |    0.039% |  0.000% | L1_SingleLooseIsoEG28er1p3to2p5               |
2026-02-12 10:59:26 INFO : |   129 |  0.000% |    0.041% |  0.000% | L1_Mu6_DoubleEG10er2p5                        |
2026-02-12 10:59:26 INFO : |   130 |  0.000% |    0.041% |  0.000% | L1_Mu6_DoubleEG12er2p5                        |
2026-02-12 10:59:26 INFO : |   131 |  0.000% |    0.041% |  0.000% | L1_Mu6_DoubleEG15er2p5                        |
2026-02-12 10:59:26 INFO : |   132 |  0.000% |    0.041% |  0.000% | L1_Mu6_DoubleEG17er2p5                        |
2026-02-12 10:59:26 INFO : |    86 |  0.000% |    0.058% |  0.000% | L1_DoubleMu0er1p4_OQ_OS_dEta_Max1p6           |
2026-02-12 10:59:26 INFO : |    85 |  0.000% |    0.058% |  0.000% | L1_DoubleMu0er1p4_SQ_OS_dEta_Max1p2           |
2026-02-12 10:59:26 INFO : |    83 |  0.000% |    0.058% |  0.000% | L1_DoubleMu0er1p5_SQ_OS_dEta_Max1p2           |
2026-02-12 10:59:26 INFO : |    78 |  0.000% |    0.058% |  0.000% | L1_DoubleMu0er2p0_SQ_OS_dEta_Max1p5           |
2026-02-12 10:59:26 INFO : |    76 |  0.000% |    0.058% |  0.000% | L1_DoubleMu0er2p0_SQ_dEta_Max1p5              |
2026-02-12 10:59:26 INFO : |    75 |  0.000% |    0.058% |  0.000% | L1_DoubleMu0er2p0_SQ_dEta_Max1p6              |
2026-02-12 10:59:26 INFO : |   375 |  0.000% |    0.058% |  0.000% | L1_TripleJet_100_80_70_DoubleJet_80_70...     |
2026-02-12 10:59:26 INFO : |   376 |  0.000% |    0.058% |  0.000% | L1_TripleJet_105_85_75_DoubleJet_85_75...     |
2026-02-12 10:59:26 INFO : |   374 |  0.000% |    0.058% |  0.000% | L1_TripleJet_95_75_65_DoubleJet_75_65_...     |
2026-02-12 10:59:26 INFO : |   159 |  0.000% |    0.066% |  0.000% | L1_DoubleMu3_SQ_ETMHF30_Jet60er2p5_OR_...     |
2026-02-12 10:59:26 INFO : |   160 |  0.000% |    0.066% |  0.000% | L1_DoubleMu3_SQ_ETMHF40_Jet60er2p5_OR_...     |
2026-02-12 10:59:26 INFO : |   161 |  0.000% |    0.066% |  0.000% | L1_DoubleMu3_SQ_ETMHF50_Jet60er2p5_OR_...     |
2026-02-12 10:59:26 INFO : |    87 |  0.000% |    0.090% |  0.000% | L1_DoubleMu0er2p0_SQ_OS_dEta_Max0p3_dP...     |
2026-02-12 10:59:26 INFO : |   223 |  0.000% |    0.094% |  0.000% | L1_DoubleEG15_er1p5_dEta_Max1p5               |
2026-02-12 10:59:26 INFO : |   224 |  0.000% |    0.094% |  0.000% | L1_DoubleEG16_er1p5_dEta_Max1p5               |
2026-02-12 10:59:26 INFO : |   225 |  0.000% |    0.094% |  0.000% | L1_DoubleEG17_er1p5_dEta_Max1p5               |
2026-02-12 10:59:26 INFO : |   340 |  0.000% |    0.094% |  0.000% | L1_DoubleJet100er2p3_dEta_Max1p6              |
2026-02-12 10:59:26 INFO : |   341 |  0.000% |    0.094% |  0.000% | L1_DoubleJet112er2p3_dEta_Max1p6              |
2026-02-12 10:59:26 INFO : |   505 |  0.000% |    0.111% |  0.000% | L1_CDC_SingleMu_3_er1p2_TOP120_DPHI2p6...     |
2026-02-12 10:59:26 INFO : |   218 |  0.000% |    0.172% |  0.000% | L1_IsoEG32er2p5_Mt40                          |
2026-02-12 10:59:26 INFO : |    90 |  0.000% |    0.202% |  0.000% | L1_DoubleMu4_SQ_OS_dR_Max1p2                  |
2026-02-12 10:59:26 INFO : |    93 |  0.000% |    0.202% |  0.000% | L1_DoubleMu4p5_SQ_OS_dR_Max1p2                |
2026-02-12 10:59:26 INFO : |    97 |  0.000% |    0.202% |  0.000% | L1_DoubleMu5_SQ_OS_dR_Max1p6                  |
2026-02-12 10:59:26 INFO : |   104 |  0.000% |    0.210% |  3.111% | L1_TripleMu_3SQ_2p5SQ_0_Mass_Max12            |
2026-02-12 10:59:26 INFO : |   110 |  0.000% |    0.210% |  3.111% | L1_TripleMu_3SQ_2p5SQ_0_OS_Mass_Max12         |
2026-02-12 10:59:26 INFO : |   111 |  0.000% |    0.210% |  3.111% | L1_TripleMu_4SQ_2p5SQ_0_OS_Mass_Max12         |
2026-02-12 10:59:26 INFO : |    84 |  0.000% |    0.213% |  0.000% | L1_DoubleMu0er1p4_SQ_OS_dR_Max1p4             |
2026-02-12 10:59:26 INFO : |    82 |  0.000% |    0.213% |  0.000% | L1_DoubleMu0er1p5_SQ_OS_dR_Max1p4             |
2026-02-12 10:59:26 INFO : |    81 |  0.000% |    0.213% |  0.000% | L1_DoubleMu0er1p5_SQ_dR_Max1p4                |
2026-02-12 10:59:26 INFO : |    88 |  0.000% |    0.213% |  0.000% | L1_DoubleMu3er2p0_SQ_OS_dR_Max1p6             |
2026-02-12 10:59:26 INFO : |    91 |  0.000% |    0.213% |  0.000% | L1_DoubleMu4er2p0_SQ_OS_dR_Max1p6             |
2026-02-12 10:59:26 INFO : |    60 |  0.000% |    0.315% |  0.000% | L1_DoubleMu0_Mass_Min1                        |
2026-02-12 10:59:26 INFO : |    67 |  0.000% |    0.315% |  0.000% | L1_DoubleMu_15_7_Mass_Min1                    |
2026-02-12 10:59:26 INFO : |    96 |  0.000% |    0.330% |  0.000% | L1_DoubleMu4p5er2p0_SQ_OS_Mass_7to18          |
2026-02-12 10:59:26 INFO : |    95 |  0.000% |    0.330% |  0.000% | L1_DoubleMu4p5er2p0_SQ_OS_Mass_Min7           |
2026-02-12 10:59:26 INFO : |   114 |  0.000% |    0.341% |  0.000% | L1_TripleMu_5SQ_3SQ_0OQ_DoubleMu_5_3_S...     |
2026-02-12 10:59:26 INFO : |   115 |  0.000% |    0.341% |  0.000% | L1_TripleMu_5SQ_3SQ_0_DoubleMu_5_3_SQ_...     |
2026-02-12 10:59:26 INFO : |   112 |  0.000% |    0.341% |  0.000% | L1_TripleMu_5_3p5_2p5_DoubleMu_5_2p5_O...     |
2026-02-12 10:59:26 INFO : |   113 |  0.000% |    0.341% |  0.000% | L1_TripleMu_5_4_2p5_DoubleMu_5_2p5_OS_...     |
2026-02-12 10:59:26 INFO : |   277 |  0.000% |    0.407% |  0.000% | L1_DoubleTau_Iso34_Iso23_er2p1_Jet55_R...     |
2026-02-12 10:59:26 INFO : |   278 |  0.000% |    0.407% |  0.000% | L1_DoubleTau_Iso34_Iso23_er2p1_Jet70_R...     |
2026-02-12 10:59:26 INFO : |   273 |  0.000% |    0.407% |  0.000% | L1_DoubleTau_Iso34_Iso26_er2p1_Jet55_R...     |
2026-02-12 10:59:26 INFO : |   276 |  0.000% |    0.407% |  0.000% | L1_DoubleTau_Iso34_Iso26_er2p1_Jet70_R...     |
2026-02-12 10:59:26 INFO : |   283 |  0.000% |    0.452% |  0.000% | L1_QuadJet15er2p5                             |
2026-02-12 10:59:26 INFO : |   284 |  0.000% |    0.452% |  0.000% | L1_QuadJet20er2p5                             |
2026-02-12 10:59:26 INFO : |   285 |  0.000% |    0.452% |  0.000% | L1_QuadJet24er2p5                             |
2026-02-12 10:59:26 INFO : |   378 |  0.000% |    0.452% |  0.000% | L1_QuadJet60er2p5                             |
2026-02-12 10:59:26 INFO : |   384 |  0.000% |    0.453% |  0.000% | L1_HTT280er_QuadJet_70_55_40_35_er2p5         |
2026-02-12 10:59:26 INFO : |   385 |  0.000% |    0.453% |  0.000% | L1_HTT320er_QuadJet_70_55_40_40_er2p5         |
2026-02-12 10:59:26 INFO : |   386 |  0.000% |    0.453% |  0.000% | L1_HTT320er_QuadJet_80_60_er2p1_45_40_...     |
2026-02-12 10:59:26 INFO : |   387 |  0.000% |    0.453% |  0.000% | L1_HTT320er_QuadJet_80_60_er2p1_50_45_...     |
2026-02-12 10:59:26 INFO : |   292 |  0.000% |    0.472% |  0.000% | L1_IsoTau52er2p1_QuadJet36er2p5               |
2026-02-12 10:59:26 INFO : |   220 |  0.000% |    0.475% |  0.000% | L1_DoubleEG15_11_er1p2_dR_Max0p6              |
2026-02-12 10:59:26 INFO : |   221 |  0.000% |    0.475% |  0.000% | L1_DoubleEG16_11_er1p2_dR_Max0p6              |
2026-02-12 10:59:26 INFO : |   222 |  0.000% |    0.475% |  0.000% | L1_DoubleEG17_11_er1p2_dR_Max0p6              |
2026-02-12 10:59:26 INFO : |   377 |  0.000% |    0.486% |  0.000% | L1_QuadJet_95_75_65_20_DoubleJet_75_65...     |
2026-02-12 10:59:26 INFO : |   145 |  0.000% |    0.667% |  0.000% | L1_Mu3_Jet120er2p5_dR_Max0p4                  |
2026-02-12 10:59:26 INFO : |   138 |  0.000% |    0.667% |  0.000% | L1_Mu3_Jet16er2p5_dR_Max0p4                   |
2026-02-12 10:59:26 INFO : |   141 |  0.000% |    0.667% |  0.000% | L1_Mu3_Jet60er2p5_dR_Max0p4                   |
2026-02-12 10:59:26 INFO : |   144 |  0.000% |    0.700% |  0.000% | L1_DoubleJet120er2p5_Mu3_dR_Max0p8            |
2026-02-12 10:59:26 INFO : |   139 |  0.000% |    0.700% |  0.000% | L1_DoubleJet16er2p5_Mu3_dR_Max0p4             |
2026-02-12 10:59:26 INFO : |   140 |  0.000% |    0.700% |  0.000% | L1_DoubleJet35er2p5_Mu3_dR_Max0p4             |
2026-02-12 10:59:26 INFO : |   142 |  0.000% |    0.700% |  0.000% | L1_DoubleJet60er2p5_Mu3_dR_Max0p4             |
2026-02-12 10:59:26 INFO : |   143 |  0.000% |    0.700% |  0.000% | L1_DoubleJet80er2p5_Mu3_dR_Max0p4             |
2026-02-12 10:59:26 INFO : |   153 |  0.000% |    0.766% |  0.000% | L1_Mu10er2p3_Jet32er2p3_dR_Max0p4_Doub...     |
2026-02-12 10:59:26 INFO : |   154 |  0.000% |    0.766% |  0.000% | L1_Mu12er2p3_Jet40er2p3_dR_Max0p4_Doub...     |
2026-02-12 10:59:26 INFO : |   155 |  0.000% |    0.869% |  0.000% | L1_DoubleMu0_dR_Max1p6_Jet90er2p5_dR_M...     |
2026-02-12 10:59:26 INFO : |   348 |  0.000% |    0.871% |  0.000% | L1_DoubleJet_110_35_DoubleJet35_Mass_M...     |
2026-02-12 10:59:26 INFO : |   349 |  0.000% |    0.871% |  0.000% | L1_DoubleJet_110_35_DoubleJet35_Mass_M...     |
2026-02-12 10:59:26 INFO : |   350 |  0.000% |    0.871% |  0.000% | L1_DoubleJet_110_35_DoubleJet35_Mass_M...     |
2026-02-12 10:59:26 INFO : |   346 |  0.000% |    0.871% |  0.000% | L1_DoubleJet_110_35_DoubleJet35_Mass_M...     |
2026-02-12 10:59:26 INFO : |   347 |  0.000% |    0.871% |  0.000% | L1_DoubleJet_110_35_DoubleJet35_Mass_M...     |
2026-02-12 10:59:26 INFO : |   369 |  0.000% |    0.872% |  0.000% | L1_DoubleJet_70_35_DoubleJet35_Mass_Mi...     |
2026-02-12 10:59:26 INFO : |   370 |  0.000% |    0.872% |  0.000% | L1_DoubleJet_70_35_DoubleJet35_Mass_Mi...     |
2026-02-12 10:59:26 INFO : |   371 |  0.000% |    0.872% |  0.000% | L1_DoubleJet_70_35_DoubleJet35_Mass_Mi...     |
2026-02-12 10:59:26 INFO : |   372 |  0.000% |    0.872% |  0.000% | L1_DoubleJet_70_35_DoubleJet35_Mass_Mi...     |
2026-02-12 10:59:26 INFO : |   373 |  0.000% |    0.872% |  0.000% | L1_DoubleJet_70_35_DoubleJet35_Mass_Mi...     |
2026-02-12 10:59:26 INFO : |   364 |  0.000% |    0.879% |  0.000% | L1_DoubleJet_85_35_DoubleJet35_Mass_Mi...     |
2026-02-12 10:59:26 INFO : |   365 |  0.000% |    0.879% |  0.000% | L1_DoubleJet_85_35_DoubleJet35_Mass_Mi...     |
2026-02-12 10:59:26 INFO : |   366 |  0.000% |    0.879% |  0.000% | L1_DoubleJet_85_35_DoubleJet35_Mass_Mi...     |
2026-02-12 10:59:26 INFO : |   367 |  0.000% |    0.879% |  0.000% | L1_DoubleJet_85_35_DoubleJet35_Mass_Mi...     |
2026-02-12 10:59:26 INFO : |   368 |  0.000% |    0.879% |  0.000% | L1_DoubleJet_85_35_DoubleJet35_Mass_Mi...     |
2026-02-12 10:59:26 INFO : |   342 |  0.000% |    0.932% |  0.000% | L1_DoubleJet30er2p5_Mass_Min225_dEta_M...     |
2026-02-12 10:59:26 INFO : |   343 |  0.000% |    0.932% |  0.000% | L1_DoubleJet30er2p5_Mass_Min250_dEta_M...     |
2026-02-12 10:59:26 INFO : |   344 |  0.000% |    0.932% |  0.000% | L1_DoubleJet30er2p5_Mass_Min300_dEta_M...     |
2026-02-12 10:59:26 INFO : |   345 |  0.000% |    0.932% |  0.000% | L1_DoubleJet30er2p5_Mass_Min330_dEta_M...     |
2026-02-12 10:59:26 INFO : |   259 |  0.000% |    1.000% |  0.000% | L1_LooseIsoEG22er2p1_Tau70er2p1_dR_Min0p3     |
2026-02-12 10:59:26 INFO : |   257 |  0.000% |    1.003% |  0.000% | L1_LooseIsoEG22er2p1_IsoTau26er2p1_dR_...     |
2026-02-12 10:59:26 INFO : |   258 |  0.000% |    1.003% |  0.000% | L1_LooseIsoEG24er2p1_IsoTau27er2p1_dR_...     |
2026-02-12 10:59:26 INFO : |   135 |  0.000% |    1.201% |  0.000% | L1_DoubleMu3_OS_er2p3_Mass_Max14_Doubl...     |
2026-02-12 10:59:26 INFO : |   136 |  0.000% |    1.201% |  0.000% | L1_DoubleMu5_OS_er2p3_Mass_8to14_Doubl...     |
2026-02-12 10:59:26 INFO : |   351 |  0.000% |    1.225% |  0.000% | L1_DoubleJet45_Mass_Min550_IsoTau45er2...     |
2026-02-12 10:59:26 INFO : |   360 |  0.000% |    1.225% |  0.000% | L1_DoubleJet45_Mass_Min550_LooseIsoEG2...     |
2026-02-12 10:59:26 INFO : |   352 |  0.000% |    1.225% |  0.000% | L1_DoubleJet45_Mass_Min600_IsoTau45er2...     |
2026-02-12 10:59:26 INFO : |   361 |  0.000% |    1.225% |  0.000% | L1_DoubleJet45_Mass_Min600_LooseIsoEG2...     |
2026-02-12 10:59:26 INFO : |   353 |  0.000% |    1.225% |  0.000% | L1_DoubleJet45_Mass_Min700_IsoTau45er2...     |
2026-02-12 10:59:26 INFO : |   362 |  0.000% |    1.225% |  0.000% | L1_DoubleJet45_Mass_Min700_LooseIsoEG2...     |
2026-02-12 10:59:26 INFO : |   354 |  0.000% |    1.225% |  0.000% | L1_DoubleJet45_Mass_Min800_IsoTau45er2...     |
2026-02-12 10:59:26 INFO : |   363 |  0.000% |    1.225% |  0.000% | L1_DoubleJet45_Mass_Min800_LooseIsoEG2...     |
2026-02-12 10:59:26 INFO : |   355 |  0.000% |    1.905% |  0.000% | L1_DoubleJet_65_35_DoubleJet35_Mass_Mi...     |
2026-02-12 10:59:26 INFO : |   356 |  0.000% |    1.905% |  0.000% | L1_DoubleJet_65_35_DoubleJet35_Mass_Mi...     |
2026-02-12 10:59:26 INFO : |   357 |  0.000% |    1.905% |  0.000% | L1_DoubleJet_65_35_DoubleJet35_Mass_Mi...     |
2026-02-12 10:59:26 INFO : |   358 |  0.000% |    1.905% |  0.000% | L1_DoubleJet_65_35_DoubleJet35_Mass_Mi...     |
2026-02-12 10:59:26 INFO : |   359 |  0.000% |    1.905% |  0.000% | L1_DoubleJet_65_35_DoubleJet35_Mass_Mi...     |
2026-02-12 10:59:26 INFO : |-------|---------|-----------|---------|-----------------------------------------------|
2026-02-12 10:59:26 INFO : |---------------------------------------------------------------------------------------|
2026-02-12 10:59:26 INFO : distributing algorithms, shadow ratio: 0.0
2026-02-12 10:59:26 INFO : starting algorithm distribution for 480 algorithms on 6 modules using shadow ratio of 0.0
2026-02-12 10:59:26 INFO : [*] applying condition constraint 'InvariantMass' => module 3
2026-02-12 10:59:26 INFO :  . adding L1_DoubleJet_65_35_DoubleJet35_Mass_Min600_DoubleJetCentral50 (355) to module 3
2026-02-12 10:59:26 INFO :  +-- L1_DoubleJet_65_35_DoubleJet35_Mass_Min650_DoubleJetCentral50 shadowed ratio 91.3 %
2026-02-12 10:59:26 INFO :  +--- L1_DoubleJet_65_35_DoubleJet35_Mass_Min750_DoubleJetCentral50 shadowed ratio 87.5 %
2026-02-12 10:59:26 INFO :  +---- L1_DoubleJet_65_35_DoubleJet35_Mass_Min850_DoubleJetCentral50 shadowed ratio 84.0 %
2026-02-12 10:59:26 INFO :  +----- L1_DoubleJet_110_35_DoubleJet35_Mass_Min850 shadowed ratio 3.8 %
2026-02-12 10:59:26 INFO :  +------ L1_DoubleJet_110_35_DoubleJet35_Mass_Min1000 shadowed ratio 3.7 %
2026-02-12 10:59:26 INFO :  +------- L1_DoubleJet_110_35_DoubleJet35_Mass_Min1100 shadowed ratio 3.6 %
2026-02-12 10:59:26 INFO :  +-------- L1_DoubleJet_110_35_DoubleJet35_Mass_Min1200 shadowed ratio 3.4 %
2026-02-12 10:59:26 INFO :  +--------- L1_DoubleJet_110_35_DoubleJet35_Mass_Min800 shadowed ratio 3.3 %
2026-02-12 10:59:26 INFO :  +---------- L1_DoubleJet_65_35_DoubleJet35_Mass_Min950_DoubleJetCentral50 shadowed ratio 67.7 %
2026-02-12 10:59:26 INFO :  +----------- L1_DoubleJet_70_35_DoubleJet35_Mass_Min600_ETMHF65 shadowed ratio 3.0 %
2026-02-12 10:59:26 INFO :  +------------ L1_DoubleJet_70_35_DoubleJet35_Mass_Min500_ETMHF65 shadowed ratio 5.9 %
2026-02-12 10:59:26 INFO :  +------------- L1_DoubleJet_70_35_DoubleJet35_Mass_Min550_ETMHF65 shadowed ratio 5.7 %
2026-02-12 10:59:26 INFO :  +-------------- L1_DoubleJet_70_35_DoubleJet35_Mass_Min700_ETMHF65 shadowed ratio 5.6 %
2026-02-12 10:59:26 INFO :  +--------------- L1_DoubleJet_70_35_DoubleJet35_Mass_Min800_ETMHF65 shadowed ratio 8.3 %
2026-02-12 10:59:26 INFO :  +---------------- L1_DoubleJet_85_35_DoubleJet35_Mass_Min600_Mu3OQ shadowed ratio 2.6 %
2026-02-12 10:59:26 INFO :  +----------------- L1_DoubleJet_85_35_DoubleJet35_Mass_Min650_Mu3OQ shadowed ratio 7.9 %
2026-02-12 10:59:26 INFO :  +------------------ L1_DoubleJet_85_35_DoubleJet35_Mass_Min700_Mu3OQ shadowed ratio 7.9 %
2026-02-12 10:59:26 INFO :  +------------------- L1_DoubleJet_85_35_DoubleJet35_Mass_Min800_Mu3OQ shadowed ratio 7.9 %
2026-02-12 10:59:26 INFO :  +-------------------- L1_DoubleJet_85_35_DoubleJet35_Mass_Min900_Mu3OQ shadowed ratio 5.1 %
2026-02-12 10:59:26 INFO : [*] applying condition constraint 'InvariantMass', ignoring shadowed algorithm L1_DoubleJet_85_35_DoubleJet35_Mass_Min900_Mu3OQ
2026-02-12 10:59:26 INFO : [*] applying condition constraint 'InvariantMass', ignoring shadowed algorithm L1_DoubleJet_65_35_DoubleJet35_Mass_Min650_DoubleJetCentral50
2026-02-12 10:59:26 INFO : [*] applying condition constraint 'InvariantMass', ignoring shadowed algorithm L1_DoubleJet_65_35_DoubleJet35_Mass_Min750_DoubleJetCentral50
2026-02-12 10:59:26 INFO : [*] applying condition constraint 'InvariantMass', ignoring shadowed algorithm L1_DoubleJet_65_35_DoubleJet35_Mass_Min850_DoubleJetCentral50
2026-02-12 10:59:26 INFO : [*] applying condition constraint 'InvariantMass', ignoring shadowed algorithm L1_DoubleJet_65_35_DoubleJet35_Mass_Min950_DoubleJetCentral50
2026-02-12 10:59:26 INFO : [*] applying condition constraint 'InvariantMass', ignoring shadowed algorithm L1_DoubleJet_70_35_DoubleJet35_Mass_Min500_ETMHF65
2026-02-12 10:59:26 INFO : [*] applying condition constraint 'InvariantMass', ignoring shadowed algorithm L1_DoubleJet_70_35_DoubleJet35_Mass_Min550_ETMHF65
2026-02-12 10:59:26 INFO : [*] applying condition constraint 'InvariantMass', ignoring shadowed algorithm L1_DoubleJet_70_35_DoubleJet35_Mass_Min600_ETMHF65
2026-02-12 10:59:26 INFO : [*] applying condition constraint 'InvariantMass', ignoring shadowed algorithm L1_DoubleJet_70_35_DoubleJet35_Mass_Min700_ETMHF65
2026-02-12 10:59:26 INFO : [*] applying condition constraint 'InvariantMass', ignoring shadowed algorithm L1_DoubleJet_70_35_DoubleJet35_Mass_Min800_ETMHF65
2026-02-12 10:59:26 INFO : [*] applying condition constraint 'InvariantMass', ignoring shadowed algorithm L1_DoubleJet_110_35_DoubleJet35_Mass_Min1000
2026-02-12 10:59:26 INFO : [*] applying condition constraint 'InvariantMass', ignoring shadowed algorithm L1_DoubleJet_85_35_DoubleJet35_Mass_Min600_Mu3OQ
2026-02-12 10:59:26 INFO : [*] applying condition constraint 'InvariantMass', ignoring shadowed algorithm L1_DoubleJet_110_35_DoubleJet35_Mass_Min1100
2026-02-12 10:59:26 INFO : [*] applying condition constraint 'InvariantMass', ignoring shadowed algorithm L1_DoubleJet_85_35_DoubleJet35_Mass_Min650_Mu3OQ
2026-02-12 10:59:26 INFO : [*] applying condition constraint 'InvariantMass', ignoring shadowed algorithm L1_DoubleJet_110_35_DoubleJet35_Mass_Min1200
2026-02-12 10:59:26 INFO : [*] applying condition constraint 'InvariantMass', ignoring shadowed algorithm L1_DoubleJet_85_35_DoubleJet35_Mass_Min700_Mu3OQ
2026-02-12 10:59:26 INFO : [*] applying condition constraint 'InvariantMass', ignoring shadowed algorithm L1_DoubleJet_110_35_DoubleJet35_Mass_Min800
2026-02-12 10:59:26 INFO : [*] applying condition constraint 'InvariantMass', ignoring shadowed algorithm L1_DoubleJet_85_35_DoubleJet35_Mass_Min800_Mu3OQ
2026-02-12 10:59:26 INFO : [*] applying condition constraint 'InvariantMass', ignoring shadowed algorithm L1_DoubleJet_110_35_DoubleJet35_Mass_Min850
2026-02-12 10:59:26 INFO : [*] applying condition constraint 'InvariantMass' => module 3
2026-02-12 10:59:26 INFO :  . adding L1_DoubleJet_65_35_DoubleJet35_Mass_Min650_DoubleJetCentral50 (356) to module 3
2026-02-12 10:59:26 INFO :  +-- L1_DoubleJet_65_35_DoubleJet35_Mass_Min750_DoubleJetCentral50 shadowed ratio 91.3 %
2026-02-12 10:59:26 INFO :  +--- L1_DoubleJet_65_35_DoubleJet35_Mass_Min850_DoubleJetCentral50 shadowed ratio 87.5 %
2026-02-12 10:59:26 INFO :  +---- L1_DoubleJet_110_35_DoubleJet35_Mass_Min850 shadowed ratio 4.0 %
2026-02-12 10:59:26 INFO :  +----- L1_DoubleJet_110_35_DoubleJet35_Mass_Min1000 shadowed ratio 3.8 %
2026-02-12 10:59:26 INFO :  +------ L1_DoubleJet_110_35_DoubleJet35_Mass_Min1100 shadowed ratio 3.7 %
2026-02-12 10:59:26 INFO :  +------- L1_DoubleJet_110_35_DoubleJet35_Mass_Min1200 shadowed ratio 3.6 %
2026-02-12 10:59:26 INFO :  +-------- L1_DoubleJet_110_35_DoubleJet35_Mass_Min800 shadowed ratio 3.4 %
2026-02-12 10:59:26 INFO :  +--------- L1_DoubleJet_65_35_DoubleJet35_Mass_Min950_DoubleJetCentral50 shadowed ratio 70.0 %
2026-02-12 10:59:26 INFO :  +---------- L1_DoubleJet_70_35_DoubleJet35_Mass_Min800_ETMHF65 shadowed ratio 3.1 %
2026-02-12 10:59:26 INFO :  +----------- L1_DoubleJet_70_35_DoubleJet35_Mass_Min500_ETMHF65 shadowed ratio 6.1 %
2026-02-12 10:59:26 INFO :  +------------ L1_DoubleJet_70_35_DoubleJet35_Mass_Min550_ETMHF65 shadowed ratio 5.9 %
2026-02-12 10:59:26 INFO :  +------------- L1_DoubleJet_70_35_DoubleJet35_Mass_Min600_ETMHF65 shadowed ratio 5.7 %
2026-02-12 10:59:26 INFO :  +-------------- L1_DoubleJet_70_35_DoubleJet35_Mass_Min700_ETMHF65 shadowed ratio 5.6 %
2026-02-12 10:59:26 INFO :  +--------------- L1_DoubleJet_85_35_DoubleJet35_Mass_Min600_Mu3OQ shadowed ratio 2.6 %
2026-02-12 10:59:26 INFO :  +---------------- L1_DoubleJet_85_35_DoubleJet35_Mass_Min650_Mu3OQ shadowed ratio 7.9 %
2026-02-12 10:59:26 INFO :  +----------------- L1_DoubleJet_85_35_DoubleJet35_Mass_Min700_Mu3OQ shadowed ratio 7.9 %
2026-02-12 10:59:26 INFO :  +------------------ L1_DoubleJet_85_35_DoubleJet35_Mass_Min800_Mu3OQ shadowed ratio 7.9 %
2026-02-12 10:59:26 INFO :  +------------------- L1_DoubleJet_85_35_DoubleJet35_Mass_Min900_Mu3OQ shadowed ratio 5.1 %
2026-02-12 10:59:26 INFO : [*] applying condition constraint 'InvariantMass', ignoring shadowed algorithm L1_DoubleJet_85_35_DoubleJet35_Mass_Min900_Mu3OQ
2026-02-12 10:59:26 INFO : [*] applying condition constraint 'InvariantMass', ignoring shadowed algorithm L1_DoubleJet_70_35_DoubleJet35_Mass_Min600_ETMHF65
2026-02-12 10:59:26 INFO : [*] applying condition constraint 'InvariantMass', ignoring shadowed algorithm L1_DoubleJet_85_35_DoubleJet35_Mass_Min650_Mu3OQ
2026-02-12 10:59:26 INFO : [*] applying condition constraint 'InvariantMass', ignoring shadowed algorithm L1_DoubleJet_65_35_DoubleJet35_Mass_Min950_DoubleJetCentral50
2026-02-12 10:59:26 INFO : [*] applying condition constraint 'InvariantMass', ignoring shadowed algorithm L1_DoubleJet_110_35_DoubleJet35_Mass_Min1200
2026-02-12 10:59:26 INFO : [*] applying condition constraint 'InvariantMass', ignoring shadowed algorithm L1_DoubleJet_70_35_DoubleJet35_Mass_Min700_ETMHF65
2026-02-12 10:59:26 INFO : [*] applying condition constraint 'InvariantMass', ignoring shadowed algorithm L1_DoubleJet_85_35_DoubleJet35_Mass_Min700_Mu3OQ
2026-02-12 10:59:26 INFO : [*] applying condition constraint 'InvariantMass', ignoring shadowed algorithm L1_DoubleJet_70_35_DoubleJet35_Mass_Min500_ETMHF65
2026-02-12 10:59:26 INFO : [*] applying condition constraint 'InvariantMass', ignoring shadowed algorithm L1_DoubleJet_110_35_DoubleJet35_Mass_Min800
2026-02-12 10:59:26 INFO : [*] applying condition constraint 'InvariantMass', ignoring shadowed algorithm L1_DoubleJet_70_35_DoubleJet35_Mass_Min800_ETMHF65
2026-02-12 10:59:26 INFO : [*] applying condition constraint 'InvariantMass', ignoring shadowed algorithm L1_DoubleJet_65_35_DoubleJet35_Mass_Min750_DoubleJetCentral50
2026-02-12 10:59:26 INFO : [*] applying condition constraint 'InvariantMass', ignoring shadowed algorithm L1_DoubleJet_110_35_DoubleJet35_Mass_Min1000
2026-02-12 10:59:26 INFO : [*] applying condition constraint 'InvariantMass', ignoring shadowed algorithm L1_DoubleJet_85_35_DoubleJet35_Mass_Min800_Mu3OQ
2026-02-12 10:59:26 INFO : [*] applying condition constraint 'InvariantMass', ignoring shadowed algorithm L1_DoubleJet_70_35_DoubleJet35_Mass_Min550_ETMHF65
2026-02-12 10:59:26 INFO : [*] applying condition constraint 'InvariantMass', ignoring shadowed algorithm L1_DoubleJet_110_35_DoubleJet35_Mass_Min850
2026-02-12 10:59:26 INFO : [*] applying condition constraint 'InvariantMass', ignoring shadowed algorithm L1_DoubleJet_85_35_DoubleJet35_Mass_Min600_Mu3OQ
2026-02-12 10:59:26 INFO : [*] applying condition constraint 'InvariantMass', ignoring shadowed algorithm L1_DoubleJet_65_35_DoubleJet35_Mass_Min850_DoubleJetCentral50
2026-02-12 10:59:26 INFO : [*] applying condition constraint 'InvariantMass', ignoring shadowed algorithm L1_DoubleJet_110_35_DoubleJet35_Mass_Min1100
2026-02-12 10:59:26 INFO : [*] applying condition constraint 'InvariantMass' => module 3
2026-02-12 10:59:26 INFO :  . adding L1_DoubleJet_65_35_DoubleJet35_Mass_Min750_DoubleJetCentral50 (357) to module 3
2026-02-12 10:59:26 INFO :  +-- L1_DoubleJet_65_35_DoubleJet35_Mass_Min850_DoubleJetCentral50 shadowed ratio 91.3 %
2026-02-12 10:59:26 INFO :  +--- L1_DoubleJet_110_35_DoubleJet35_Mass_Min850 shadowed ratio 4.2 %
2026-02-12 10:59:26 INFO :  +---- L1_DoubleJet_110_35_DoubleJet35_Mass_Min1000 shadowed ratio 4.0 %
2026-02-12 10:59:26 INFO :  +----- L1_DoubleJet_110_35_DoubleJet35_Mass_Min1100 shadowed ratio 3.8 %
2026-02-12 10:59:26 INFO :  +------ L1_DoubleJet_110_35_DoubleJet35_Mass_Min1200 shadowed ratio 3.7 %
2026-02-12 10:59:26 INFO :  +------- L1_DoubleJet_110_35_DoubleJet35_Mass_Min800 shadowed ratio 3.6 %
2026-02-12 10:59:26 INFO :  +-------- L1_DoubleJet_65_35_DoubleJet35_Mass_Min950_DoubleJetCentral50 shadowed ratio 72.4 %
2026-02-12 10:59:26 INFO :  +--------- L1_DoubleJet_70_35_DoubleJet35_Mass_Min800_ETMHF65 shadowed ratio 3.2 %
2026-02-12 10:59:26 INFO :  +---------- L1_DoubleJet_70_35_DoubleJet35_Mass_Min500_ETMHF65 shadowed ratio 6.2 %
2026-02-12 10:59:26 INFO :  +----------- L1_DoubleJet_70_35_DoubleJet35_Mass_Min550_ETMHF65 shadowed ratio 6.1 %
2026-02-12 10:59:26 INFO :  +------------ L1_DoubleJet_70_35_DoubleJet35_Mass_Min600_ETMHF65 shadowed ratio 5.9 %
2026-02-12 10:59:26 INFO :  +------------- L1_DoubleJet_70_35_DoubleJet35_Mass_Min700_ETMHF65 shadowed ratio 5.7 %
2026-02-12 10:59:26 INFO :  +-------------- L1_DoubleJet_85_35_DoubleJet35_Mass_Min600_Mu3OQ shadowed ratio 2.7 %
2026-02-12 10:59:26 INFO :  +--------------- L1_DoubleJet_85_35_DoubleJet35_Mass_Min650_Mu3OQ shadowed ratio 5.3 %
2026-02-12 10:59:26 INFO :  +---------------- L1_DoubleJet_85_35_DoubleJet35_Mass_Min700_Mu3OQ shadowed ratio 7.9 %
2026-02-12 10:59:26 INFO :  +----------------- L1_DoubleJet_85_35_DoubleJet35_Mass_Min800_Mu3OQ shadowed ratio 7.9 %
2026-02-12 10:59:26 INFO :  +------------------ L1_DoubleJet_85_35_DoubleJet35_Mass_Min900_Mu3OQ shadowed ratio 5.1 %
2026-02-12 10:59:26 INFO : [*] applying condition constraint 'InvariantMass', ignoring shadowed algorithm L1_DoubleJet_85_35_DoubleJet35_Mass_Min900_Mu3OQ
2026-02-12 10:59:26 INFO : [*] applying condition constraint 'InvariantMass', ignoring shadowed algorithm L1_DoubleJet_70_35_DoubleJet35_Mass_Min600_ETMHF65
2026-02-12 10:59:26 INFO : [*] applying condition constraint 'InvariantMass', ignoring shadowed algorithm L1_DoubleJet_85_35_DoubleJet35_Mass_Min650_Mu3OQ
2026-02-12 10:59:26 INFO : [*] applying condition constraint 'InvariantMass', ignoring shadowed algorithm L1_DoubleJet_65_35_DoubleJet35_Mass_Min950_DoubleJetCentral50
2026-02-12 10:59:26 INFO : [*] applying condition constraint 'InvariantMass', ignoring shadowed algorithm L1_DoubleJet_110_35_DoubleJet35_Mass_Min1200
2026-02-12 10:59:26 INFO : [*] applying condition constraint 'InvariantMass', ignoring shadowed algorithm L1_DoubleJet_70_35_DoubleJet35_Mass_Min700_ETMHF65
2026-02-12 10:59:26 INFO : [*] applying condition constraint 'InvariantMass', ignoring shadowed algorithm L1_DoubleJet_85_35_DoubleJet35_Mass_Min700_Mu3OQ
2026-02-12 10:59:26 INFO : [*] applying condition constraint 'InvariantMass', ignoring shadowed algorithm L1_DoubleJet_70_35_DoubleJet35_Mass_Min500_ETMHF65
2026-02-12 10:59:26 INFO : [*] applying condition constraint 'InvariantMass', ignoring shadowed algorithm L1_DoubleJet_110_35_DoubleJet35_Mass_Min800
2026-02-12 10:59:26 INFO : [*] applying condition constraint 'InvariantMass', ignoring shadowed algorithm L1_DoubleJet_70_35_DoubleJet35_Mass_Min800_ETMHF65
2026-02-12 10:59:26 INFO : [*] applying condition constraint 'InvariantMass', ignoring shadowed algorithm L1_DoubleJet_110_35_DoubleJet35_Mass_Min1000
2026-02-12 10:59:26 INFO : [*] applying condition constraint 'InvariantMass', ignoring shadowed algorithm L1_DoubleJet_85_35_DoubleJet35_Mass_Min800_Mu3OQ
2026-02-12 10:59:26 INFO : [*] applying condition constraint 'InvariantMass', ignoring shadowed algorithm L1_DoubleJet_70_35_DoubleJet35_Mass_Min550_ETMHF65
2026-02-12 10:59:26 INFO : [*] applying condition constraint 'InvariantMass', ignoring shadowed algorithm L1_DoubleJet_110_35_DoubleJet35_Mass_Min850
2026-02-12 10:59:26 INFO : [*] applying condition constraint 'InvariantMass', ignoring shadowed algorithm L1_DoubleJet_85_35_DoubleJet35_Mass_Min600_Mu3OQ
2026-02-12 10:59:26 INFO : [*] applying condition constraint 'InvariantMass', ignoring shadowed algorithm L1_DoubleJet_65_35_DoubleJet35_Mass_Min850_DoubleJetCentral50
2026-02-12 10:59:26 INFO : [*] applying condition constraint 'InvariantMass', ignoring shadowed algorithm L1_DoubleJet_110_35_DoubleJet35_Mass_Min1100
2026-02-12 10:59:26 INFO : [*] applying condition constraint 'InvariantMass' => module 3
2026-02-12 10:59:26 INFO :  . adding L1_DoubleJet_65_35_DoubleJet35_Mass_Min850_DoubleJetCentral50 (358) to module 3
2026-02-12 10:59:26 INFO :  +-- L1_DoubleJet_65_35_DoubleJet35_Mass_Min950_DoubleJetCentral50 shadowed ratio 91.3 %
2026-02-12 10:59:26 INFO :  +--- L1_DoubleJet_110_35_DoubleJet35_Mass_Min850 shadowed ratio 4.2 %
2026-02-12 10:59:26 INFO :  +---- L1_DoubleJet_110_35_DoubleJet35_Mass_Min1000 shadowed ratio 4.0 %
2026-02-12 10:59:26 INFO :  +----- L1_DoubleJet_110_35_DoubleJet35_Mass_Min1100 shadowed ratio 3.8 %
2026-02-12 10:59:26 INFO :  +------ L1_DoubleJet_110_35_DoubleJet35_Mass_Min1200 shadowed ratio 3.7 %
2026-02-12 10:59:26 INFO :  +------- L1_DoubleJet_110_35_DoubleJet35_Mass_Min800 shadowed ratio 3.6 %
2026-02-12 10:59:26 INFO :  +-------- L1_DoubleJet_70_35_DoubleJet35_Mass_Min800_ETMHF65 shadowed ratio 3.3 %
2026-02-12 10:59:26 INFO :  +--------- L1_DoubleJet_70_35_DoubleJet35_Mass_Min500_ETMHF65 shadowed ratio 6.5 %
2026-02-12 10:59:26 INFO :  +---------- L1_DoubleJet_70_35_DoubleJet35_Mass_Min550_ETMHF65 shadowed ratio 6.2 %
2026-02-12 10:59:26 INFO :  +----------- L1_DoubleJet_70_35_DoubleJet35_Mass_Min600_ETMHF65 shadowed ratio 6.1 %
2026-02-12 10:59:26 INFO :  +------------ L1_DoubleJet_70_35_DoubleJet35_Mass_Min700_ETMHF65 shadowed ratio 5.9 %
2026-02-12 10:59:26 INFO :  +------------- L1_DoubleJet_85_35_DoubleJet35_Mass_Min600_Mu3OQ shadowed ratio 2.8 %
2026-02-12 10:59:26 INFO :  +-------------- L1_DoubleJet_85_35_DoubleJet35_Mass_Min650_Mu3OQ shadowed ratio 5.4 %
2026-02-12 10:59:26 INFO :  +--------------- L1_DoubleJet_85_35_DoubleJet35_Mass_Min700_Mu3OQ shadowed ratio 8.1 %
2026-02-12 10:59:26 INFO :  +---------------- L1_DoubleJet_85_35_DoubleJet35_Mass_Min800_Mu3OQ shadowed ratio 8.1 %
2026-02-12 10:59:26 INFO :  +----------------- L1_DoubleJet_85_35_DoubleJet35_Mass_Min900_Mu3OQ shadowed ratio 5.3 %
2026-02-12 10:59:26 INFO : [*] applying condition constraint 'InvariantMass', ignoring shadowed algorithm L1_DoubleJet_85_35_DoubleJet35_Mass_Min900_Mu3OQ
2026-02-12 10:59:26 INFO : [*] applying condition constraint 'InvariantMass', ignoring shadowed algorithm L1_DoubleJet_70_35_DoubleJet35_Mass_Min600_ETMHF65
2026-02-12 10:59:26 INFO : [*] applying condition constraint 'InvariantMass', ignoring shadowed algorithm L1_DoubleJet_85_35_DoubleJet35_Mass_Min650_Mu3OQ
2026-02-12 10:59:26 INFO : [*] applying condition constraint 'InvariantMass', ignoring shadowed algorithm L1_DoubleJet_65_35_DoubleJet35_Mass_Min950_DoubleJetCentral50
2026-02-12 10:59:26 INFO : [*] applying condition constraint 'InvariantMass', ignoring shadowed algorithm L1_DoubleJet_110_35_DoubleJet35_Mass_Min1200
2026-02-12 10:59:26 INFO : [*] applying condition constraint 'InvariantMass', ignoring shadowed algorithm L1_DoubleJet_70_35_DoubleJet35_Mass_Min700_ETMHF65
2026-02-12 10:59:26 INFO : [*] applying condition constraint 'InvariantMass', ignoring shadowed algorithm L1_DoubleJet_85_35_DoubleJet35_Mass_Min700_Mu3OQ
2026-02-12 10:59:26 INFO : [*] applying condition constraint 'InvariantMass', ignoring shadowed algorithm L1_DoubleJet_70_35_DoubleJet35_Mass_Min500_ETMHF65
2026-02-12 10:59:26 INFO : [*] applying condition constraint 'InvariantMass', ignoring shadowed algorithm L1_DoubleJet_110_35_DoubleJet35_Mass_Min800
2026-02-12 10:59:26 INFO : [*] applying condition constraint 'InvariantMass', ignoring shadowed algorithm L1_DoubleJet_70_35_DoubleJet35_Mass_Min800_ETMHF65
2026-02-12 10:59:26 INFO : [*] applying condition constraint 'InvariantMass', ignoring shadowed algorithm L1_DoubleJet_110_35_DoubleJet35_Mass_Min1000
2026-02-12 10:59:26 INFO : [*] applying condition constraint 'InvariantMass', ignoring shadowed algorithm L1_DoubleJet_85_35_DoubleJet35_Mass_Min800_Mu3OQ
2026-02-12 10:59:26 INFO : [*] applying condition constraint 'InvariantMass', ignoring shadowed algorithm L1_DoubleJet_70_35_DoubleJet35_Mass_Min550_ETMHF65
2026-02-12 10:59:26 INFO : [*] applying condition constraint 'InvariantMass', ignoring shadowed algorithm L1_DoubleJet_110_35_DoubleJet35_Mass_Min850
2026-02-12 10:59:26 INFO : [*] applying condition constraint 'InvariantMass', ignoring shadowed algorithm L1_DoubleJet_85_35_DoubleJet35_Mass_Min600_Mu3OQ
2026-02-12 10:59:26 INFO : [*] applying condition constraint 'InvariantMass', ignoring shadowed algorithm L1_DoubleJet_110_35_DoubleJet35_Mass_Min1100
2026-02-12 10:59:26 INFO : [*] applying condition constraint 'InvariantMass' => module 3
2026-02-12 10:59:26 INFO :  . adding L1_DoubleJet_65_35_DoubleJet35_Mass_Min950_DoubleJetCentral50 (359) to module 3
2026-02-12 10:59:26 INFO :  . adding L1_DoubleJet45_Mass_Min550_IsoTau45er2p1_RmOvlp_dR0p5 (351) to module 0
2026-02-12 10:59:26 INFO :  . adding L1_DoubleJet45_Mass_Min550_LooseIsoEG20er2p1_RmOvlp_dR0p2 (360) to module 1
2026-02-12 10:59:26 INFO :  . adding L1_DoubleJet45_Mass_Min600_IsoTau45er2p1_RmOvlp_dR0p5 (352) to module 2
2026-02-12 10:59:26 INFO :  . adding L1_DoubleJet45_Mass_Min600_LooseIsoEG20er2p1_RmOvlp_dR0p2 (361) to module 4
2026-02-12 10:59:26 INFO :  . adding L1_DoubleJet45_Mass_Min700_IsoTau45er2p1_RmOvlp_dR0p5 (353) to module 5
2026-02-12 10:59:26 INFO :  . adding L1_DoubleJet45_Mass_Min700_LooseIsoEG20er2p1_RmOvlp_dR0p2 (362) to module 3
2026-02-12 10:59:26 INFO :  . adding L1_DoubleJet45_Mass_Min800_IsoTau45er2p1_RmOvlp_dR0p5 (354) to module 0
2026-02-12 10:59:26 INFO :  . adding L1_DoubleJet45_Mass_Min800_LooseIsoEG20er2p1_RmOvlp_dR0p2 (363) to module 1
2026-02-12 10:59:26 INFO : [*] applying condition constraint 'InvariantMass' => module 3
2026-02-12 10:59:26 INFO :  . adding L1_DoubleMu3_OS_er2p3_Mass_Max14_DoubleEG7p5_er2p1_Mass_Max20 (135) to module 3
2026-02-12 10:59:26 INFO : [*] applying condition constraint 'InvariantMass' => module 3
2026-02-12 10:59:26 INFO :  . adding L1_DoubleMu5_OS_er2p3_Mass_8to14_DoubleEG3er2p1_Mass_Max20 (136) to module 3
2026-02-12 10:59:26 INFO :  . adding L1_LooseIsoEG22er2p1_IsoTau26er2p1_dR_Min0p3 (257) to module 2
2026-02-12 10:59:26 INFO :  . adding L1_LooseIsoEG24er2p1_IsoTau27er2p1_dR_Min0p3 (258) to module 4
2026-02-12 10:59:26 INFO :  . adding L1_LooseIsoEG22er2p1_Tau70er2p1_dR_Min0p3 (259) to module 5
2026-02-12 10:59:26 INFO : [*] applying condition constraint 'InvariantMass' => module 3
2026-02-12 10:59:26 INFO :  . adding L1_DoubleJet30er2p5_Mass_Min225_dEta_Max1p5 (342) to module 3
2026-02-12 10:59:26 INFO : [*] applying condition constraint 'InvariantMass' => module 3
2026-02-12 10:59:26 INFO :  . adding L1_DoubleJet30er2p5_Mass_Min250_dEta_Max1p5 (343) to module 3
2026-02-12 10:59:26 INFO : [*] applying condition constraint 'InvariantMass' => module 3
2026-02-12 10:59:26 INFO :  . adding L1_DoubleJet30er2p5_Mass_Min300_dEta_Max1p5 (344) to module 3
2026-02-12 10:59:26 INFO : [*] applying condition constraint 'InvariantMass' => module 3
2026-02-12 10:59:26 INFO :  . adding L1_DoubleJet30er2p5_Mass_Min330_dEta_Max1p5 (345) to module 3
2026-02-12 10:59:26 INFO : [*] applying condition constraint 'InvariantMass' => module 3
2026-02-12 10:59:26 INFO :  . adding L1_DoubleJet_85_35_DoubleJet35_Mass_Min600_Mu3OQ (364) to module 3
2026-02-12 10:59:26 INFO :  +-- L1_DoubleJet_85_35_DoubleJet35_Mass_Min650_Mu3OQ shadowed ratio 50.0 %
2026-02-12 10:59:26 INFO :  +--- L1_DoubleJet_70_35_DoubleJet35_Mass_Min600_ETMHF65 shadowed ratio 16.7 %
2026-02-12 10:59:26 INFO :  +---- L1_DoubleJet_70_35_DoubleJet35_Mass_Min500_ETMHF65 shadowed ratio 28.6 %
2026-02-12 10:59:26 INFO :  +----- L1_DoubleJet_70_35_DoubleJet35_Mass_Min550_ETMHF65 shadowed ratio 25.0 %
2026-02-12 10:59:26 INFO :  +------ L1_DoubleJet_70_35_DoubleJet35_Mass_Min700_ETMHF65 shadowed ratio 22.2 %
2026-02-12 10:59:26 INFO :  +------- L1_DoubleJet_70_35_DoubleJet35_Mass_Min800_ETMHF65 shadowed ratio 20.0 %
2026-02-12 10:59:26 INFO :  +-------- L1_DoubleJet_110_35_DoubleJet35_Mass_Min800 shadowed ratio 9.1 %
2026-02-12 10:59:26 INFO :  +--------- L1_DoubleJet_110_35_DoubleJet35_Mass_Min1000 shadowed ratio 8.3 %
2026-02-12 10:59:26 INFO :  +---------- L1_DoubleJet_110_35_DoubleJet35_Mass_Min1100 shadowed ratio 7.7 %
2026-02-12 10:59:26 INFO :  +----------- L1_DoubleJet_110_35_DoubleJet35_Mass_Min1200 shadowed ratio 7.1 %
2026-02-12 10:59:26 INFO :  +------------ L1_DoubleJet_110_35_DoubleJet35_Mass_Min850 shadowed ratio 6.7 %
2026-02-12 10:59:26 INFO :  +------------- L1_DoubleJet_85_35_DoubleJet35_Mass_Min700_Mu3OQ shadowed ratio 20.0 %
2026-02-12 10:59:26 INFO :  +-------------- L1_DoubleJet_85_35_DoubleJet35_Mass_Min800_Mu3OQ shadowed ratio 20.0 %
2026-02-12 10:59:26 INFO :  +--------------- L1_DoubleJet_85_35_DoubleJet35_Mass_Min900_Mu3OQ shadowed ratio 12.5 %
2026-02-12 10:59:26 INFO : [*] applying condition constraint 'InvariantMass', ignoring shadowed algorithm L1_DoubleJet_85_35_DoubleJet35_Mass_Min900_Mu3OQ
2026-02-12 10:59:26 INFO : [*] applying condition constraint 'InvariantMass', ignoring shadowed algorithm L1_DoubleJet_70_35_DoubleJet35_Mass_Min600_ETMHF65
2026-02-12 10:59:26 INFO : [*] applying condition constraint 'InvariantMass', ignoring shadowed algorithm L1_DoubleJet_85_35_DoubleJet35_Mass_Min650_Mu3OQ
2026-02-12 10:59:26 INFO : [*] applying condition constraint 'InvariantMass', ignoring shadowed algorithm L1_DoubleJet_110_35_DoubleJet35_Mass_Min1200
2026-02-12 10:59:26 INFO : [*] applying condition constraint 'InvariantMass', ignoring shadowed algorithm L1_DoubleJet_70_35_DoubleJet35_Mass_Min700_ETMHF65
2026-02-12 10:59:26 INFO : [*] applying condition constraint 'InvariantMass', ignoring shadowed algorithm L1_DoubleJet_85_35_DoubleJet35_Mass_Min700_Mu3OQ
2026-02-12 10:59:26 INFO : [*] applying condition constraint 'InvariantMass', ignoring shadowed algorithm L1_DoubleJet_70_35_DoubleJet35_Mass_Min500_ETMHF65
2026-02-12 10:59:26 INFO : [*] applying condition constraint 'InvariantMass', ignoring shadowed algorithm L1_DoubleJet_110_35_DoubleJet35_Mass_Min800
2026-02-12 10:59:26 INFO : [*] applying condition constraint 'InvariantMass', ignoring shadowed algorithm L1_DoubleJet_70_35_DoubleJet35_Mass_Min800_ETMHF65
2026-02-12 10:59:26 INFO : [*] applying condition constraint 'InvariantMass', ignoring shadowed algorithm L1_DoubleJet_110_35_DoubleJet35_Mass_Min1000
2026-02-12 10:59:26 INFO : [*] applying condition constraint 'InvariantMass', ignoring shadowed algorithm L1_DoubleJet_85_35_DoubleJet35_Mass_Min800_Mu3OQ
2026-02-12 10:59:26 INFO : [*] applying condition constraint 'InvariantMass', ignoring shadowed algorithm L1_DoubleJet_70_35_DoubleJet35_Mass_Min550_ETMHF65
2026-02-12 10:59:26 INFO : [*] applying condition constraint 'InvariantMass', ignoring shadowed algorithm L1_DoubleJet_110_35_DoubleJet35_Mass_Min850
2026-02-12 10:59:26 INFO : [*] applying condition constraint 'InvariantMass', ignoring shadowed algorithm L1_DoubleJet_110_35_DoubleJet35_Mass_Min1100
2026-02-12 10:59:26 INFO : [*] applying condition constraint 'InvariantMass' => module 3
2026-02-12 10:59:26 INFO :  . adding L1_DoubleJet_85_35_DoubleJet35_Mass_Min650_Mu3OQ (365) to module 3
2026-02-12 10:59:26 INFO :  +-- L1_DoubleJet_85_35_DoubleJet35_Mass_Min700_Mu3OQ shadowed ratio 50.0 %
2026-02-12 10:59:26 INFO :  +--- L1_DoubleJet_70_35_DoubleJet35_Mass_Min700_ETMHF65 shadowed ratio 16.7 %
2026-02-12 10:59:26 INFO :  +---- L1_DoubleJet_70_35_DoubleJet35_Mass_Min500_ETMHF65 shadowed ratio 28.6 %
2026-02-12 10:59:26 INFO :  +----- L1_DoubleJet_70_35_DoubleJet35_Mass_Min550_ETMHF65 shadowed ratio 25.0 %
2026-02-12 10:59:26 INFO :  +------ L1_DoubleJet_70_35_DoubleJet35_Mass_Min600_ETMHF65 shadowed ratio 22.2 %
2026-02-12 10:59:26 INFO :  +------- L1_DoubleJet_70_35_DoubleJet35_Mass_Min800_ETMHF65 shadowed ratio 20.0 %
2026-02-12 10:59:26 INFO :  +-------- L1_DoubleJet_110_35_DoubleJet35_Mass_Min800 shadowed ratio 9.1 %
2026-02-12 10:59:26 INFO :  +--------- L1_DoubleJet_110_35_DoubleJet35_Mass_Min1000 shadowed ratio 8.3 %
2026-02-12 10:59:26 INFO :  +---------- L1_DoubleJet_110_35_DoubleJet35_Mass_Min1100 shadowed ratio 7.7 %
2026-02-12 10:59:26 INFO :  +----------- L1_DoubleJet_110_35_DoubleJet35_Mass_Min1200 shadowed ratio 7.1 %
2026-02-12 10:59:26 INFO :  +------------ L1_DoubleJet_110_35_DoubleJet35_Mass_Min850 shadowed ratio 6.7 %
2026-02-12 10:59:26 INFO :  +------------- L1_DoubleJet_85_35_DoubleJet35_Mass_Min800_Mu3OQ shadowed ratio 20.0 %
2026-02-12 10:59:26 INFO :  +-------------- L1_DoubleJet_85_35_DoubleJet35_Mass_Min900_Mu3OQ shadowed ratio 12.5 %
2026-02-12 10:59:26 INFO : [*] applying condition constraint 'InvariantMass', ignoring shadowed algorithm L1_DoubleJet_85_35_DoubleJet35_Mass_Min900_Mu3OQ
2026-02-12 10:59:26 INFO : [*] applying condition constraint 'InvariantMass', ignoring shadowed algorithm L1_DoubleJet_70_35_DoubleJet35_Mass_Min600_ETMHF65
2026-02-12 10:59:26 INFO : [*] applying condition constraint 'InvariantMass', ignoring shadowed algorithm L1_DoubleJet_110_35_DoubleJet35_Mass_Min1200
2026-02-12 10:59:26 INFO : [*] applying condition constraint 'InvariantMass', ignoring shadowed algorithm L1_DoubleJet_70_35_DoubleJet35_Mass_Min700_ETMHF65
2026-02-12 10:59:26 INFO : [*] applying condition constraint 'InvariantMass', ignoring shadowed algorithm L1_DoubleJet_85_35_DoubleJet35_Mass_Min700_Mu3OQ
2026-02-12 10:59:26 INFO : [*] applying condition constraint 'InvariantMass', ignoring shadowed algorithm L1_DoubleJet_70_35_DoubleJet35_Mass_Min500_ETMHF65
2026-02-12 10:59:26 INFO : [*] applying condition constraint 'InvariantMass', ignoring shadowed algorithm L1_DoubleJet_110_35_DoubleJet35_Mass_Min800
2026-02-12 10:59:26 INFO : [*] applying condition constraint 'InvariantMass', ignoring shadowed algorithm L1_DoubleJet_70_35_DoubleJet35_Mass_Min800_ETMHF65
2026-02-12 10:59:26 INFO : [*] applying condition constraint 'InvariantMass', ignoring shadowed algorithm L1_DoubleJet_110_35_DoubleJet35_Mass_Min1000
2026-02-12 10:59:26 INFO : [*] applying condition constraint 'InvariantMass', ignoring shadowed algorithm L1_DoubleJet_85_35_DoubleJet35_Mass_Min800_Mu3OQ
2026-02-12 10:59:26 INFO : [*] applying condition constraint 'InvariantMass', ignoring shadowed algorithm L1_DoubleJet_70_35_DoubleJet35_Mass_Min550_ETMHF65
2026-02-12 10:59:26 INFO : [*] applying condition constraint 'InvariantMass', ignoring shadowed algorithm L1_DoubleJet_110_35_DoubleJet35_Mass_Min850
2026-02-12 10:59:26 INFO : [*] applying condition constraint 'InvariantMass', ignoring shadowed algorithm L1_DoubleJet_110_35_DoubleJet35_Mass_Min1100
2026-02-12 10:59:26 INFO : [*] applying condition constraint 'InvariantMass' => module 3
2026-02-12 10:59:26 INFO :  . adding L1_DoubleJet_85_35_DoubleJet35_Mass_Min700_Mu3OQ (366) to module 3
2026-02-12 10:59:26 INFO :  +-- L1_DoubleJet_85_35_DoubleJet35_Mass_Min800_Mu3OQ shadowed ratio 50.0 %
2026-02-12 10:59:26 INFO :  +--- L1_DoubleJet_110_35_DoubleJet35_Mass_Min800 shadowed ratio 20.0 %
2026-02-12 10:59:26 INFO :  +---- L1_DoubleJet_110_35_DoubleJet35_Mass_Min1000 shadowed ratio 16.7 %
2026-02-12 10:59:26 INFO :  +----- L1_DoubleJet_110_35_DoubleJet35_Mass_Min1100 shadowed ratio 14.3 %
2026-02-12 10:59:26 INFO :  +------ L1_DoubleJet_110_35_DoubleJet35_Mass_Min1200 shadowed ratio 12.5 %
2026-02-12 10:59:26 INFO :  +------- L1_DoubleJet_110_35_DoubleJet35_Mass_Min850 shadowed ratio 11.1 %
2026-02-12 10:59:26 INFO :  +-------- L1_DoubleJet_70_35_DoubleJet35_Mass_Min700_ETMHF65 shadowed ratio 9.1 %
2026-02-12 10:59:26 INFO :  +--------- L1_DoubleJet_70_35_DoubleJet35_Mass_Min500_ETMHF65 shadowed ratio 16.7 %
2026-02-12 10:59:26 INFO :  +---------- L1_DoubleJet_70_35_DoubleJet35_Mass_Min550_ETMHF65 shadowed ratio 15.4 %
2026-02-12 10:59:26 INFO :  +----------- L1_DoubleJet_70_35_DoubleJet35_Mass_Min600_ETMHF65 shadowed ratio 14.3 %
2026-02-12 10:59:26 INFO :  +------------ L1_DoubleJet_70_35_DoubleJet35_Mass_Min800_ETMHF65 shadowed ratio 21.4 %
2026-02-12 10:59:26 INFO :  +------------- L1_DoubleJet_85_35_DoubleJet35_Mass_Min900_Mu3OQ shadowed ratio 13.3 %
2026-02-12 10:59:26 INFO : [*] applying condition constraint 'InvariantMass', ignoring shadowed algorithm L1_DoubleJet_85_35_DoubleJet35_Mass_Min900_Mu3OQ
2026-02-12 10:59:26 INFO : [*] applying condition constraint 'InvariantMass', ignoring shadowed algorithm L1_DoubleJet_70_35_DoubleJet35_Mass_Min600_ETMHF65
2026-02-12 10:59:26 INFO : [*] applying condition constraint 'InvariantMass', ignoring shadowed algorithm L1_DoubleJet_110_35_DoubleJet35_Mass_Min1200
2026-02-12 10:59:26 INFO : [*] applying condition constraint 'InvariantMass', ignoring shadowed algorithm L1_DoubleJet_70_35_DoubleJet35_Mass_Min700_ETMHF65
2026-02-12 10:59:26 INFO : [*] applying condition constraint 'InvariantMass', ignoring shadowed algorithm L1_DoubleJet_70_35_DoubleJet35_Mass_Min500_ETMHF65
2026-02-12 10:59:26 INFO : [*] applying condition constraint 'InvariantMass', ignoring shadowed algorithm L1_DoubleJet_110_35_DoubleJet35_Mass_Min800
2026-02-12 10:59:26 INFO : [*] applying condition constraint 'InvariantMass', ignoring shadowed algorithm L1_DoubleJet_70_35_DoubleJet35_Mass_Min800_ETMHF65
2026-02-12 10:59:26 INFO : [*] applying condition constraint 'InvariantMass', ignoring shadowed algorithm L1_DoubleJet_110_35_DoubleJet35_Mass_Min1000
2026-02-12 10:59:26 INFO : [*] applying condition constraint 'InvariantMass', ignoring shadowed algorithm L1_DoubleJet_85_35_DoubleJet35_Mass_Min800_Mu3OQ
2026-02-12 10:59:26 INFO : [*] applying condition constraint 'InvariantMass', ignoring shadowed algorithm L1_DoubleJet_70_35_DoubleJet35_Mass_Min550_ETMHF65
2026-02-12 10:59:26 INFO : [*] applying condition constraint 'InvariantMass', ignoring shadowed algorithm L1_DoubleJet_110_35_DoubleJet35_Mass_Min850
2026-02-12 10:59:26 INFO : [*] applying condition constraint 'InvariantMass', ignoring shadowed algorithm L1_DoubleJet_110_35_DoubleJet35_Mass_Min1100
2026-02-12 10:59:26 INFO : [*] applying condition constraint 'InvariantMass' => module 3
2026-02-12 10:59:26 INFO :  . adding L1_DoubleJet_85_35_DoubleJet35_Mass_Min800_Mu3OQ (367) to module 3
2026-02-12 10:59:26 INFO :  +-- L1_DoubleJet_85_35_DoubleJet35_Mass_Min900_Mu3OQ shadowed ratio 50.0 %
2026-02-12 10:59:26 INFO :  +--- L1_DoubleJet_110_35_DoubleJet35_Mass_Min800 shadowed ratio 20.0 %
2026-02-12 10:59:26 INFO :  +---- L1_DoubleJet_110_35_DoubleJet35_Mass_Min1000 shadowed ratio 16.7 %
2026-02-12 10:59:26 INFO :  +----- L1_DoubleJet_110_35_DoubleJet35_Mass_Min1100 shadowed ratio 14.3 %
2026-02-12 10:59:26 INFO :  +------ L1_DoubleJet_110_35_DoubleJet35_Mass_Min1200 shadowed ratio 12.5 %
2026-02-12 10:59:26 INFO :  +------- L1_DoubleJet_110_35_DoubleJet35_Mass_Min850 shadowed ratio 11.1 %
2026-02-12 10:59:26 INFO :  +-------- L1_DoubleJet_70_35_DoubleJet35_Mass_Min800_ETMHF65 shadowed ratio 9.1 %
2026-02-12 10:59:26 INFO :  +--------- L1_DoubleJet_70_35_DoubleJet35_Mass_Min500_ETMHF65 shadowed ratio 16.7 %
2026-02-12 10:59:26 INFO :  +---------- L1_DoubleJet_70_35_DoubleJet35_Mass_Min550_ETMHF65 shadowed ratio 15.4 %
2026-02-12 10:59:26 INFO :  +----------- L1_DoubleJet_70_35_DoubleJet35_Mass_Min600_ETMHF65 shadowed ratio 14.3 %
2026-02-12 10:59:26 INFO :  +------------ L1_DoubleJet_70_35_DoubleJet35_Mass_Min700_ETMHF65 shadowed ratio 13.3 %
2026-02-12 10:59:26 INFO : [*] applying condition constraint 'InvariantMass', ignoring shadowed algorithm L1_DoubleJet_85_35_DoubleJet35_Mass_Min900_Mu3OQ
2026-02-12 10:59:26 INFO : [*] applying condition constraint 'InvariantMass', ignoring shadowed algorithm L1_DoubleJet_70_35_DoubleJet35_Mass_Min600_ETMHF65
2026-02-12 10:59:26 INFO : [*] applying condition constraint 'InvariantMass', ignoring shadowed algorithm L1_DoubleJet_110_35_DoubleJet35_Mass_Min1200
2026-02-12 10:59:26 INFO : [*] applying condition constraint 'InvariantMass', ignoring shadowed algorithm L1_DoubleJet_70_35_DoubleJet35_Mass_Min700_ETMHF65
2026-02-12 10:59:26 INFO : [*] applying condition constraint 'InvariantMass', ignoring shadowed algorithm L1_DoubleJet_70_35_DoubleJet35_Mass_Min500_ETMHF65
2026-02-12 10:59:26 INFO : [*] applying condition constraint 'InvariantMass', ignoring shadowed algorithm L1_DoubleJet_110_35_DoubleJet35_Mass_Min800
2026-02-12 10:59:26 INFO : [*] applying condition constraint 'InvariantMass', ignoring shadowed algorithm L1_DoubleJet_70_35_DoubleJet35_Mass_Min800_ETMHF65
2026-02-12 10:59:26 INFO : [*] applying condition constraint 'InvariantMass', ignoring shadowed algorithm L1_DoubleJet_110_35_DoubleJet35_Mass_Min1000
2026-02-12 10:59:26 INFO : [*] applying condition constraint 'InvariantMass', ignoring shadowed algorithm L1_DoubleJet_70_35_DoubleJet35_Mass_Min550_ETMHF65
2026-02-12 10:59:26 INFO : [*] applying condition constraint 'InvariantMass', ignoring shadowed algorithm L1_DoubleJet_110_35_DoubleJet35_Mass_Min850
2026-02-12 10:59:26 INFO : [*] applying condition constraint 'InvariantMass', ignoring shadowed algorithm L1_DoubleJet_110_35_DoubleJet35_Mass_Min1100
2026-02-12 10:59:26 INFO : [*] applying condition constraint 'InvariantMass' => module 3
2026-02-12 10:59:26 INFO :  . adding L1_DoubleJet_85_35_DoubleJet35_Mass_Min900_Mu3OQ (368) to module 3
2026-02-12 10:59:26 INFO : [*] applying condition constraint 'InvariantMass' => module 3
2026-02-12 10:59:26 INFO :  . adding L1_DoubleJet_70_35_DoubleJet35_Mass_Min500_ETMHF65 (369) to module 3
2026-02-12 10:59:26 INFO :  +-- L1_DoubleJet_70_35_DoubleJet35_Mass_Min550_ETMHF65 shadowed ratio 50.0 %
2026-02-12 10:59:26 INFO :  +--- L1_DoubleJet_70_35_DoubleJet35_Mass_Min600_ETMHF65 shadowed ratio 40.0 %
2026-02-12 10:59:26 INFO :  +---- L1_DoubleJet_70_35_DoubleJet35_Mass_Min700_ETMHF65 shadowed ratio 33.3 %
2026-02-12 10:59:26 INFO :  +----- L1_DoubleJet_70_35_DoubleJet35_Mass_Min800_ETMHF65 shadowed ratio 28.6 %
2026-02-12 10:59:26 INFO :  +------ L1_DoubleJet_110_35_DoubleJet35_Mass_Min800 shadowed ratio 12.5 %
2026-02-12 10:59:26 INFO :  +------- L1_DoubleJet_110_35_DoubleJet35_Mass_Min1000 shadowed ratio 11.1 %
2026-02-12 10:59:26 INFO :  +-------- L1_DoubleJet_110_35_DoubleJet35_Mass_Min1100 shadowed ratio 10.0 %
2026-02-12 10:59:26 INFO :  +--------- L1_DoubleJet_110_35_DoubleJet35_Mass_Min1200 shadowed ratio 9.1 %
2026-02-12 10:59:26 INFO :  +---------- L1_DoubleJet_110_35_DoubleJet35_Mass_Min850 shadowed ratio 8.3 %
2026-02-12 10:59:26 INFO : [*] applying condition constraint 'InvariantMass', ignoring shadowed algorithm L1_DoubleJet_70_35_DoubleJet35_Mass_Min600_ETMHF65
2026-02-12 10:59:26 INFO : [*] applying condition constraint 'InvariantMass', ignoring shadowed algorithm L1_DoubleJet_110_35_DoubleJet35_Mass_Min1200
2026-02-12 10:59:26 INFO : [*] applying condition constraint 'InvariantMass', ignoring shadowed algorithm L1_DoubleJet_70_35_DoubleJet35_Mass_Min700_ETMHF65
2026-02-12 10:59:26 INFO : [*] applying condition constraint 'InvariantMass', ignoring shadowed algorithm L1_DoubleJet_110_35_DoubleJet35_Mass_Min800
2026-02-12 10:59:26 INFO : [*] applying condition constraint 'InvariantMass', ignoring shadowed algorithm L1_DoubleJet_70_35_DoubleJet35_Mass_Min800_ETMHF65
2026-02-12 10:59:26 INFO : [*] applying condition constraint 'InvariantMass', ignoring shadowed algorithm L1_DoubleJet_110_35_DoubleJet35_Mass_Min1000
2026-02-12 10:59:26 INFO : [*] applying condition constraint 'InvariantMass', ignoring shadowed algorithm L1_DoubleJet_70_35_DoubleJet35_Mass_Min550_ETMHF65
2026-02-12 10:59:26 INFO : [*] applying condition constraint 'InvariantMass', ignoring shadowed algorithm L1_DoubleJet_110_35_DoubleJet35_Mass_Min850
2026-02-12 10:59:26 INFO : [*] applying condition constraint 'InvariantMass', ignoring shadowed algorithm L1_DoubleJet_110_35_DoubleJet35_Mass_Min1100
2026-02-12 10:59:26 INFO : [*] applying condition constraint 'InvariantMass' => module 3
2026-02-12 10:59:26 INFO :  . adding L1_DoubleJet_70_35_DoubleJet35_Mass_Min550_ETMHF65 (370) to module 3
2026-02-12 10:59:26 INFO :  +-- L1_DoubleJet_70_35_DoubleJet35_Mass_Min600_ETMHF65 shadowed ratio 50.0 %
2026-02-12 10:59:26 INFO :  +--- L1_DoubleJet_70_35_DoubleJet35_Mass_Min700_ETMHF65 shadowed ratio 40.0 %
2026-02-12 10:59:26 INFO :  +---- L1_DoubleJet_70_35_DoubleJet35_Mass_Min800_ETMHF65 shadowed ratio 33.3 %
2026-02-12 10:59:26 INFO :  +----- L1_DoubleJet_110_35_DoubleJet35_Mass_Min800 shadowed ratio 14.3 %
2026-02-12 10:59:26 INFO :  +------ L1_DoubleJet_110_35_DoubleJet35_Mass_Min1000 shadowed ratio 12.5 %
2026-02-12 10:59:26 INFO :  +------- L1_DoubleJet_110_35_DoubleJet35_Mass_Min1100 shadowed ratio 11.1 %
2026-02-12 10:59:26 INFO :  +-------- L1_DoubleJet_110_35_DoubleJet35_Mass_Min1200 shadowed ratio 10.0 %
2026-02-12 10:59:26 INFO :  +--------- L1_DoubleJet_110_35_DoubleJet35_Mass_Min850 shadowed ratio 9.1 %
2026-02-12 10:59:26 INFO : [*] applying condition constraint 'InvariantMass', ignoring shadowed algorithm L1_DoubleJet_70_35_DoubleJet35_Mass_Min600_ETMHF65
2026-02-12 10:59:26 INFO : [*] applying condition constraint 'InvariantMass', ignoring shadowed algorithm L1_DoubleJet_110_35_DoubleJet35_Mass_Min1200
2026-02-12 10:59:26 INFO : [*] applying condition constraint 'InvariantMass', ignoring shadowed algorithm L1_DoubleJet_70_35_DoubleJet35_Mass_Min700_ETMHF65
2026-02-12 10:59:26 INFO : [*] applying condition constraint 'InvariantMass', ignoring shadowed algorithm L1_DoubleJet_110_35_DoubleJet35_Mass_Min800
2026-02-12 10:59:26 INFO : [*] applying condition constraint 'InvariantMass', ignoring shadowed algorithm L1_DoubleJet_70_35_DoubleJet35_Mass_Min800_ETMHF65
2026-02-12 10:59:26 INFO : [*] applying condition constraint 'InvariantMass', ignoring shadowed algorithm L1_DoubleJet_110_35_DoubleJet35_Mass_Min1000
2026-02-12 10:59:26 INFO : [*] applying condition constraint 'InvariantMass', ignoring shadowed algorithm L1_DoubleJet_110_35_DoubleJet35_Mass_Min850
2026-02-12 10:59:26 INFO : [*] applying condition constraint 'InvariantMass', ignoring shadowed algorithm L1_DoubleJet_110_35_DoubleJet35_Mass_Min1100
2026-02-12 10:59:26 INFO : [*] applying condition constraint 'InvariantMass' => module 3
2026-02-12 10:59:26 INFO :  . adding L1_DoubleJet_70_35_DoubleJet35_Mass_Min600_ETMHF65 (371) to module 3
2026-02-12 10:59:26 INFO :  +-- L1_DoubleJet_70_35_DoubleJet35_Mass_Min700_ETMHF65 shadowed ratio 50.0 %
2026-02-12 10:59:26 INFO :  +--- L1_DoubleJet_70_35_DoubleJet35_Mass_Min800_ETMHF65 shadowed ratio 40.0 %
2026-02-12 10:59:26 INFO :  +---- L1_DoubleJet_110_35_DoubleJet35_Mass_Min800 shadowed ratio 16.7 %
2026-02-12 10:59:26 INFO :  +----- L1_DoubleJet_110_35_DoubleJet35_Mass_Min1000 shadowed ratio 14.3 %
2026-02-12 10:59:26 INFO :  +------ L1_DoubleJet_110_35_DoubleJet35_Mass_Min1100 shadowed ratio 12.5 %
2026-02-12 10:59:26 INFO :  +------- L1_DoubleJet_110_35_DoubleJet35_Mass_Min1200 shadowed ratio 11.1 %
2026-02-12 10:59:26 INFO :  +-------- L1_DoubleJet_110_35_DoubleJet35_Mass_Min850 shadowed ratio 10.0 %
2026-02-12 10:59:26 INFO : [*] applying condition constraint 'InvariantMass', ignoring shadowed algorithm L1_DoubleJet_110_35_DoubleJet35_Mass_Min1200
2026-02-12 10:59:26 INFO : [*] applying condition constraint 'InvariantMass', ignoring shadowed algorithm L1_DoubleJet_70_35_DoubleJet35_Mass_Min700_ETMHF65
2026-02-12 10:59:26 INFO : [*] applying condition constraint 'InvariantMass', ignoring shadowed algorithm L1_DoubleJet_110_35_DoubleJet35_Mass_Min800
2026-02-12 10:59:26 INFO : [*] applying condition constraint 'InvariantMass', ignoring shadowed algorithm L1_DoubleJet_70_35_DoubleJet35_Mass_Min800_ETMHF65
2026-02-12 10:59:26 INFO : [*] applying condition constraint 'InvariantMass', ignoring shadowed algorithm L1_DoubleJet_110_35_DoubleJet35_Mass_Min1000
2026-02-12 10:59:26 INFO : [*] applying condition constraint 'InvariantMass', ignoring shadowed algorithm L1_DoubleJet_110_35_DoubleJet35_Mass_Min850
2026-02-12 10:59:26 INFO : [*] applying condition constraint 'InvariantMass', ignoring shadowed algorithm L1_DoubleJet_110_35_DoubleJet35_Mass_Min1100
2026-02-12 10:59:26 INFO : [*] applying condition constraint 'InvariantMass' => module 3
2026-02-12 10:59:26 INFO :  . adding L1_DoubleJet_70_35_DoubleJet35_Mass_Min700_ETMHF65 (372) to module 3
2026-02-12 10:59:26 INFO :  +-- L1_DoubleJet_70_35_DoubleJet35_Mass_Min800_ETMHF65 shadowed ratio 50.0 %
2026-02-12 10:59:26 INFO :  +--- L1_DoubleJet_110_35_DoubleJet35_Mass_Min800 shadowed ratio 20.0 %
2026-02-12 10:59:26 INFO :  +---- L1_DoubleJet_110_35_DoubleJet35_Mass_Min1000 shadowed ratio 16.7 %
2026-02-12 10:59:26 INFO :  +----- L1_DoubleJet_110_35_DoubleJet35_Mass_Min1100 shadowed ratio 14.3 %
2026-02-12 10:59:26 INFO :  +------ L1_DoubleJet_110_35_DoubleJet35_Mass_Min1200 shadowed ratio 12.5 %
2026-02-12 10:59:26 INFO :  +------- L1_DoubleJet_110_35_DoubleJet35_Mass_Min850 shadowed ratio 11.1 %
2026-02-12 10:59:26 INFO : [*] applying condition constraint 'InvariantMass', ignoring shadowed algorithm L1_DoubleJet_110_35_DoubleJet35_Mass_Min1200
2026-02-12 10:59:26 INFO : [*] applying condition constraint 'InvariantMass', ignoring shadowed algorithm L1_DoubleJet_110_35_DoubleJet35_Mass_Min800
2026-02-12 10:59:26 INFO : [*] applying condition constraint 'InvariantMass', ignoring shadowed algorithm L1_DoubleJet_70_35_DoubleJet35_Mass_Min800_ETMHF65
2026-02-12 10:59:26 INFO : [*] applying condition constraint 'InvariantMass', ignoring shadowed algorithm L1_DoubleJet_110_35_DoubleJet35_Mass_Min1000
2026-02-12 10:59:26 INFO : [*] applying condition constraint 'InvariantMass', ignoring shadowed algorithm L1_DoubleJet_110_35_DoubleJet35_Mass_Min850
2026-02-12 10:59:26 INFO : [*] applying condition constraint 'InvariantMass', ignoring shadowed algorithm L1_DoubleJet_110_35_DoubleJet35_Mass_Min1100
2026-02-12 10:59:26 INFO : [*] applying condition constraint 'InvariantMass' => module 3
2026-02-12 10:59:26 INFO :  . adding L1_DoubleJet_70_35_DoubleJet35_Mass_Min800_ETMHF65 (373) to module 3
2026-02-12 10:59:26 INFO :  +-- L1_DoubleJet_110_35_DoubleJet35_Mass_Min800 shadowed ratio 25.0 %
2026-02-12 10:59:26 INFO :  +--- L1_DoubleJet_110_35_DoubleJet35_Mass_Min1000 shadowed ratio 20.0 %
2026-02-12 10:59:26 INFO :  +---- L1_DoubleJet_110_35_DoubleJet35_Mass_Min1100 shadowed ratio 16.7 %
2026-02-12 10:59:26 INFO :  +----- L1_DoubleJet_110_35_DoubleJet35_Mass_Min1200 shadowed ratio 14.3 %
2026-02-12 10:59:26 INFO :  +------ L1_DoubleJet_110_35_DoubleJet35_Mass_Min850 shadowed ratio 12.5 %
2026-02-12 10:59:26 INFO : [*] applying condition constraint 'InvariantMass', ignoring shadowed algorithm L1_DoubleJet_110_35_DoubleJet35_Mass_Min1200
2026-02-12 10:59:26 INFO : [*] applying condition constraint 'InvariantMass', ignoring shadowed algorithm L1_DoubleJet_110_35_DoubleJet35_Mass_Min800
2026-02-12 10:59:26 INFO : [*] applying condition constraint 'InvariantMass', ignoring shadowed algorithm L1_DoubleJet_110_35_DoubleJet35_Mass_Min1000
2026-02-12 10:59:26 INFO : [*] applying condition constraint 'InvariantMass', ignoring shadowed algorithm L1_DoubleJet_110_35_DoubleJet35_Mass_Min850
2026-02-12 10:59:26 INFO : [*] applying condition constraint 'InvariantMass', ignoring shadowed algorithm L1_DoubleJet_110_35_DoubleJet35_Mass_Min1100
2026-02-12 10:59:26 INFO : [*] applying condition constraint 'InvariantMass' => module 3
2026-02-12 10:59:26 INFO :  . adding L1_DoubleJet_110_35_DoubleJet35_Mass_Min1000 (348) to module 3
2026-02-12 10:59:26 INFO :  +-- L1_DoubleJet_110_35_DoubleJet35_Mass_Min1100 shadowed ratio 33.3 %
2026-02-12 10:59:26 INFO :  +--- L1_DoubleJet_110_35_DoubleJet35_Mass_Min1200 shadowed ratio 25.0 %
2026-02-12 10:59:26 INFO :  +---- L1_DoubleJet_110_35_DoubleJet35_Mass_Min800 shadowed ratio 20.0 %
2026-02-12 10:59:26 INFO :  +----- L1_DoubleJet_110_35_DoubleJet35_Mass_Min850 shadowed ratio 16.7 %
2026-02-12 10:59:26 INFO : [*] applying condition constraint 'InvariantMass', ignoring shadowed algorithm L1_DoubleJet_110_35_DoubleJet35_Mass_Min800
2026-02-12 10:59:26 INFO : [*] applying condition constraint 'InvariantMass', ignoring shadowed algorithm L1_DoubleJet_110_35_DoubleJet35_Mass_Min850
2026-02-12 10:59:26 INFO : [*] applying condition constraint 'InvariantMass', ignoring shadowed algorithm L1_DoubleJet_110_35_DoubleJet35_Mass_Min1100
2026-02-12 10:59:26 INFO : [*] applying condition constraint 'InvariantMass', ignoring shadowed algorithm L1_DoubleJet_110_35_DoubleJet35_Mass_Min1200
2026-02-12 10:59:26 INFO : [*] applying condition constraint 'InvariantMass' => module 3
2026-02-12 10:59:26 INFO :  . adding L1_DoubleJet_110_35_DoubleJet35_Mass_Min1100 (349) to module 3
2026-02-12 10:59:26 INFO :  +-- L1_DoubleJet_110_35_DoubleJet35_Mass_Min1200 shadowed ratio 33.3 %
2026-02-12 10:59:26 INFO :  +--- L1_DoubleJet_110_35_DoubleJet35_Mass_Min800 shadowed ratio 25.0 %
2026-02-12 10:59:26 INFO :  +---- L1_DoubleJet_110_35_DoubleJet35_Mass_Min850 shadowed ratio 20.0 %
2026-02-12 10:59:26 INFO : [*] applying condition constraint 'InvariantMass', ignoring shadowed algorithm L1_DoubleJet_110_35_DoubleJet35_Mass_Min800
2026-02-12 10:59:26 INFO : [*] applying condition constraint 'InvariantMass', ignoring shadowed algorithm L1_DoubleJet_110_35_DoubleJet35_Mass_Min850
2026-02-12 10:59:26 INFO : [*] applying condition constraint 'InvariantMass', ignoring shadowed algorithm L1_DoubleJet_110_35_DoubleJet35_Mass_Min1200
2026-02-12 10:59:26 INFO : [*] applying condition constraint 'InvariantMass' => module 3
2026-02-12 10:59:26 INFO :  . adding L1_DoubleJet_110_35_DoubleJet35_Mass_Min1200 (350) to module 3
2026-02-12 10:59:26 INFO :  +-- L1_DoubleJet_110_35_DoubleJet35_Mass_Min800 shadowed ratio 33.3 %
2026-02-12 10:59:26 INFO :  +--- L1_DoubleJet_110_35_DoubleJet35_Mass_Min850 shadowed ratio 25.0 %
2026-02-12 10:59:26 INFO : [*] applying condition constraint 'InvariantMass', ignoring shadowed algorithm L1_DoubleJet_110_35_DoubleJet35_Mass_Min800
2026-02-12 10:59:26 INFO : [*] applying condition constraint 'InvariantMass', ignoring shadowed algorithm L1_DoubleJet_110_35_DoubleJet35_Mass_Min850
2026-02-12 10:59:26 INFO : [*] applying condition constraint 'InvariantMass' => module 3
2026-02-12 10:59:26 INFO :  . adding L1_DoubleJet_110_35_DoubleJet35_Mass_Min800 (346) to module 3
2026-02-12 10:59:26 INFO :  +-- L1_DoubleJet_110_35_DoubleJet35_Mass_Min850 shadowed ratio 33.3 %
2026-02-12 10:59:26 INFO : [*] applying condition constraint 'InvariantMass', ignoring shadowed algorithm L1_DoubleJet_110_35_DoubleJet35_Mass_Min850
2026-02-12 10:59:26 INFO : [*] applying condition constraint 'InvariantMass' => module 3
2026-02-12 10:59:26 INFO :  . adding L1_DoubleJet_110_35_DoubleJet35_Mass_Min850 (347) to module 3
2026-02-12 10:59:26 INFO :  . adding L1_DoubleMu0_dR_Max1p6_Jet90er2p5_dR_Max0p8 (155) to module 0
2026-02-12 10:59:26 INFO :  . adding L1_Mu10er2p3_Jet32er2p3_dR_Max0p4_DoubleJet32er2p3_dEta_Max1p6 (153) to module 1
2026-02-12 10:59:26 INFO :  . adding L1_Mu12er2p3_Jet40er2p3_dR_Max0p4_DoubleJet40er2p3_dEta_Max1p6 (154) to module 1
2026-02-12 10:59:26 INFO :  . adding L1_DoubleJet120er2p5_Mu3_dR_Max0p8 (144) to module 1
2026-02-12 10:59:26 INFO :  +-- L1_DoubleJet120er2p5 shadowed ratio 50.0 %
2026-02-12 10:59:26 INFO :  ... adding shadowed L1_DoubleJet120er2p5 338 to module 1
2026-02-12 10:59:26 INFO :  . adding L1_DoubleJet16er2p5_Mu3_dR_Max0p4 (139) to module 0
2026-02-12 10:59:26 INFO :  . adding L1_DoubleJet35er2p5_Mu3_dR_Max0p4 (140) to module 5
2026-02-12 10:59:26 INFO :  . adding L1_DoubleJet60er2p5_Mu3_dR_Max0p4 (142) to module 2
2026-02-12 10:59:26 INFO :  +-- L1_Mu3_Jet60er2p5_dR_Max0p4 shadowed ratio 50.0 %
2026-02-12 10:59:26 INFO :  ... adding shadowed L1_Mu3_Jet60er2p5_dR_Max0p4 141 to module 2
2026-02-12 10:59:26 INFO :  . adding L1_DoubleJet80er2p5_Mu3_dR_Max0p4 (143) to module 4
2026-02-12 10:59:26 INFO :  . adding L1_Mu3_Jet120er2p5_dR_Max0p4 (145) to module 1
2026-02-12 10:59:26 INFO :  . adding L1_Mu3_Jet16er2p5_dR_Max0p4 (138) to module 0
2026-02-12 10:59:26 INFO :  . adding L1_QuadJet_95_75_65_20_DoubleJet_75_65_er2p5_Jet20_FWD3p0 (377) to module 1
2026-02-12 10:59:26 INFO :  +-- L1_TripleJet_95_75_65_DoubleJet_75_65_er2p5 shadowed ratio 20.0 %
2026-02-12 10:59:26 INFO :  ... adding shadowed L1_TripleJet_95_75_65_DoubleJet_75_65_er2p5 374 to module 1
2026-02-12 10:59:26 INFO :  . adding L1_DoubleEG15_11_er1p2_dR_Max0p6 (220) to module 0
2026-02-12 10:59:26 INFO :  . adding L1_DoubleEG16_11_er1p2_dR_Max0p6 (221) to module 1
2026-02-12 10:59:26 INFO :  . adding L1_DoubleEG17_11_er1p2_dR_Max0p6 (222) to module 5
2026-02-12 10:59:26 INFO :  . adding L1_IsoTau52er2p1_QuadJet36er2p5 (292) to module 4
2026-02-12 10:59:26 INFO :  . adding L1_HTT280er_QuadJet_70_55_40_35_er2p5 (384) to module 2
2026-02-12 10:59:26 INFO :  +-- L1_DoubleEG8er2p5_HTT280er shadowed ratio 33.3 %
2026-02-12 10:59:26 INFO :  +--- L1_DoubleEG8er2p5_HTT300er shadowed ratio 25.0 %
2026-02-12 10:59:26 INFO :  +---- L1_DoubleEG8er2p5_HTT320er shadowed ratio 20.0 %
2026-02-12 10:59:26 INFO :  +----- L1_HTT280er shadowed ratio 20.0 %
2026-02-12 10:59:26 INFO :  +------ L1_HTT320er shadowed ratio 20.0 %
2026-02-12 10:59:26 INFO :  +------- L1_HTT320er_QuadJet_70_55_40_40_er2p5 shadowed ratio 16.7 %
2026-02-12 10:59:26 INFO :  +-------- L1_HTT320er_QuadJet_80_60_er2p1_45_40_er2p3 shadowed ratio 14.3 %
2026-02-12 10:59:26 INFO :  +--------- L1_HTT320er_QuadJet_80_60_er2p1_50_45_er2p3 shadowed ratio 12.5 %
2026-02-12 10:59:26 INFO :  ... adding shadowed L1_DoubleEG8er2p5_HTT300er 249 to module 2
2026-02-12 10:59:26 INFO :  ... adding shadowed L1_HTT320er_QuadJet_80_60_er2p1_45_40_er2p3 386 to module 2
2026-02-12 10:59:26 INFO :  ... adding shadowed L1_HTT320er 393 to module 2
2026-02-12 10:59:26 INFO :  ... adding shadowed L1_DoubleEG8er2p5_HTT320er 250 to module 2
2026-02-12 10:59:26 INFO :  ... adding shadowed L1_HTT280er 392 to module 2
2026-02-12 10:59:26 INFO :  ... adding shadowed L1_HTT320er_QuadJet_70_55_40_40_er2p5 385 to module 2
2026-02-12 10:59:26 INFO :  ... adding shadowed L1_HTT320er_QuadJet_80_60_er2p1_50_45_er2p3 387 to module 2
2026-02-12 10:59:26 INFO :  ... adding shadowed L1_DoubleEG8er2p5_HTT280er 248 to module 2
2026-02-12 10:59:26 INFO :  . adding L1_QuadJet15er2p5 (283) to module 4
2026-02-12 10:59:26 INFO :  . adding L1_QuadJet20er2p5 (284) to module 0
2026-02-12 10:59:26 INFO :  . adding L1_QuadJet24er2p5 (285) to module 1
2026-02-12 10:59:26 INFO :  . adding L1_QuadJet60er2p5 (378) to module 4
2026-02-12 10:59:26 INFO :  . adding L1_DoubleTau_Iso34_Iso23_er2p1_Jet55_RmOvlp_dR0p5 (277) to module 0
2026-02-12 10:59:26 INFO :  . adding L1_DoubleTau_Iso34_Iso23_er2p1_Jet70_RmOvlp_dR0p5 (278) to module 1
2026-02-12 10:59:26 INFO :  . adding L1_DoubleTau_Iso34_Iso26_er2p1_Jet55_RmOvlp_dR0p5 (273) to module 4
2026-02-12 10:59:26 INFO :  . adding L1_DoubleTau_Iso34_Iso26_er2p1_Jet70_RmOvlp_dR0p5 (276) to module 2
2026-02-12 10:59:26 INFO : [*] applying condition constraint 'InvariantMass' => module 3
2026-02-12 10:59:26 INFO :  . adding L1_TripleMu_5SQ_3SQ_0OQ_DoubleMu_5_3_SQ_OS_Mass_Max9 (114) to module 3
2026-02-12 10:59:26 INFO :  +-- L1_TripleMu_5SQ_3SQ_0_DoubleMu_5_3_SQ_OS_Mass_Max9 shadowed ratio 33.3 %
2026-02-12 10:59:26 INFO :  +--- L1_TripleMu_5SQ_3SQ_0OQ shadowed ratio 33.3 %
2026-02-12 10:59:26 INFO :  ... adding shadowed L1_TripleMu_5SQ_3SQ_0OQ 105 to module 3
2026-02-12 10:59:26 INFO : [*] applying condition constraint 'InvariantMass', ignoring shadowed algorithm L1_TripleMu_5SQ_3SQ_0_DoubleMu_5_3_SQ_OS_Mass_Max9
2026-02-12 10:59:26 INFO : [*] applying condition constraint 'InvariantMass' => module 3
2026-02-12 10:59:26 INFO :  . adding L1_TripleMu_5SQ_3SQ_0_DoubleMu_5_3_SQ_OS_Mass_Max9 (115) to module 3
2026-02-12 10:59:26 INFO : [*] applying condition constraint 'InvariantMass' => module 3
2026-02-12 10:59:26 INFO :  . adding L1_TripleMu_5_3p5_2p5_DoubleMu_5_2p5_OS_Mass_5to17 (112) to module 3
2026-02-12 10:59:26 INFO :  +-- L1_TripleMu_5_4_2p5_DoubleMu_5_2p5_OS_Mass_5to17 shadowed ratio 33.3 %
2026-02-12 10:59:26 INFO :  +--- L1_TripleMu_5_3p5_2p5 shadowed ratio 33.3 %
2026-02-12 10:59:26 INFO : [*] applying condition constraint 'InvariantMass', ignoring shadowed algorithm L1_TripleMu_5_4_2p5_DoubleMu_5_2p5_OS_Mass_5to17
2026-02-12 10:59:26 INFO :  ... adding shadowed L1_TripleMu_5_3p5_2p5 106 to module 3
2026-02-12 10:59:26 INFO : [*] applying condition constraint 'InvariantMass' => module 3
2026-02-12 10:59:26 INFO :  . adding L1_TripleMu_5_4_2p5_DoubleMu_5_2p5_OS_Mass_5to17 (113) to module 3
2026-02-12 10:59:26 INFO : [*] applying condition constraint 'InvariantMass' => module 3
2026-02-12 10:59:26 INFO :  . adding L1_DoubleMu4p5er2p0_SQ_OS_Mass_7to18 (96) to module 3
2026-02-12 10:59:26 INFO : [*] applying condition constraint 'InvariantMass' => module 3
2026-02-12 10:59:26 INFO :  . adding L1_DoubleMu4p5er2p0_SQ_OS_Mass_Min7 (95) to module 3
2026-02-12 10:59:26 INFO : [*] applying condition constraint 'InvariantMass' => module 3
2026-02-12 10:59:26 INFO :  . adding L1_DoubleMu0_Mass_Min1 (60) to module 3
2026-02-12 10:59:26 INFO : [*] applying condition constraint 'InvariantMass' => module 3
2026-02-12 10:59:26 INFO :  . adding L1_DoubleMu_15_7_Mass_Min1 (67) to module 3
2026-02-12 10:59:26 INFO :  . adding L1_DoubleMu0er1p4_SQ_OS_dR_Max1p4 (84) to module 5
2026-02-12 10:59:26 INFO :  . adding L1_DoubleMu0er1p5_SQ_OS_dR_Max1p4 (82) to module 5
2026-02-12 10:59:26 INFO :  . adding L1_DoubleMu0er1p5_SQ_dR_Max1p4 (81) to module 5
2026-02-12 10:59:26 INFO :  . adding L1_DoubleMu3er2p0_SQ_OS_dR_Max1p6 (88) to module 5
2026-02-12 10:59:26 INFO :  . adding L1_DoubleMu4er2p0_SQ_OS_dR_Max1p6 (91) to module 5
2026-02-12 10:59:26 INFO :  . adding L1_TripleMu_3SQ_2p5SQ_0_Mass_Max12 (104) to module 5
2026-02-12 10:59:26 INFO :  . adding L1_TripleMu_3SQ_2p5SQ_0_OS_Mass_Max12 (110) to module 0
2026-02-12 10:59:26 INFO :  . adding L1_TripleMu_4SQ_2p5SQ_0_OS_Mass_Max12 (111) to module 1
2026-02-12 10:59:26 INFO :  . adding L1_DoubleMu4_SQ_OS_dR_Max1p2 (90) to module 4
2026-02-12 10:59:26 INFO :  . adding L1_DoubleMu4p5_SQ_OS_dR_Max1p2 (93) to module 5
2026-02-12 10:59:26 INFO :  . adding L1_DoubleMu5_SQ_OS_dR_Max1p6 (97) to module 5
2026-02-12 10:59:26 INFO :  . adding L1_IsoEG32er2p5_Mt40 (218) to module 2
2026-02-12 10:59:26 INFO :  . adding L1_CDC_SingleMu_3_er1p2_TOP120_DPHI2p618_3p142 (505) to module 5
2026-02-12 10:59:26 INFO :  . adding L1_DoubleEG15_er1p5_dEta_Max1p5 (223) to module 2
2026-02-12 10:59:26 INFO :  . adding L1_DoubleEG16_er1p5_dEta_Max1p5 (224) to module 0
2026-02-12 10:59:26 INFO :  . adding L1_DoubleEG17_er1p5_dEta_Max1p5 (225) to module 4
2026-02-12 10:59:26 INFO :  . adding L1_DoubleJet100er2p3_dEta_Max1p6 (340) to module 1
2026-02-12 10:59:26 INFO :  . adding L1_DoubleJet112er2p3_dEta_Max1p6 (341) to module 1
2026-02-12 10:59:26 INFO :  . adding L1_DoubleMu0er2p0_SQ_OS_dEta_Max0p3_dPhi_0p8to1p2 (87) to module 0
2026-02-12 10:59:26 INFO :  . adding L1_DoubleMu3_SQ_ETMHF30_Jet60er2p5_OR_DoubleJet40er2p5 (159) to module 1
2026-02-12 10:59:26 INFO :  +-- L1_DoubleMu3_SQ_ETMHF40_Jet60er2p5_OR_DoubleJet40er2p5 shadowed ratio 60.0 %
2026-02-12 10:59:26 INFO :  +--- L1_DoubleMu3_SQ_ETMHF30_HTT60er shadowed ratio 33.3 %
2026-02-12 10:59:26 INFO :  +---- L1_DoubleMu3_SQ_ETMHF40_HTT60er shadowed ratio 50.0 %
2026-02-12 10:59:26 INFO :  +----- L1_DoubleMu3_SQ_ETMHF50_HTT60er shadowed ratio 28.6 %
2026-02-12 10:59:26 INFO :  +------ L1_DoubleMu3_SQ_ETMHF50_Jet60er2p5 shadowed ratio 42.9 %
2026-02-12 10:59:26 INFO :  +------- L1_DoubleMu3_SQ_ETMHF50_Jet60er2p5_OR_DoubleJet40er2p5 shadowed ratio 57.1 %
2026-02-12 10:59:26 INFO :  +-------- L1_DoubleMu3_SQ_ETMHF60_Jet60er2p5 shadowed ratio 25.0 %
2026-02-12 10:59:26 INFO :  +--------- L1_DoubleMu3_SQ_HTT220er shadowed ratio 11.1 %
2026-02-12 10:59:26 INFO :  +---------- L1_SingleJet60er1p3to2p5 shadowed ratio 10.0 %
2026-02-12 10:59:26 INFO :  +----------- L1_SingleJet60er1p3 shadowed ratio 10.0 %
2026-02-12 10:59:26 INFO :  +------------ L1_SingleJet60er2p5to3p0 shadowed ratio 9.1 %
2026-02-12 10:59:26 INFO :  +------------- L1_SingleJet60er3p0to5p0 shadowed ratio 8.3 %
2026-02-12 10:59:26 INFO :  +-------------- L1_SingleJet60 shadowed ratio 8.3 %
2026-02-12 10:59:26 INFO :  +--------------- L1_Mu3er1p5_Jet100er2p5_ETMHF30 shadowed ratio 7.1 %
2026-02-12 10:59:26 INFO :  +---------------- L1_Mu3er1p5_Jet100er2p5_ETMHF40 shadowed ratio 21.4 %
2026-02-12 10:59:26 INFO :  +----------------- L1_Mu3er1p5_Jet100er2p5_ETMHF50 shadowed ratio 21.4 %
2026-02-12 10:59:26 INFO :  +------------------ L1_ETMHF100_HTT60er shadowed ratio 6.7 %
2026-02-12 10:59:26 INFO :  +------------------- L1_ETMHF100 shadowed ratio 6.7 %
2026-02-12 10:59:26 INFO :  +-------------------- L1_ETMHF110_HTT60er shadowed ratio 6.2 %
2026-02-12 10:59:26 INFO :  +--------------------- L1_ETMHF110 shadowed ratio 6.2 %
2026-02-12 10:59:26 INFO :  +---------------------- L1_ETMHF120_HTT60er shadowed ratio 5.9 %
2026-02-12 10:59:26 INFO :  +----------------------- L1_ETMHF120 shadowed ratio 5.9 %
2026-02-12 10:59:26 INFO :  +------------------------ L1_ETMHF130_HTT60er shadowed ratio 5.6 %
2026-02-12 10:59:26 INFO :  +------------------------- L1_ETMHF130 shadowed ratio 5.6 %
2026-02-12 10:59:26 INFO :  +-------------------------- L1_DoubleJet40er2p5 shadowed ratio 5.6 %
2026-02-12 10:59:26 INFO :  +--------------------------- L1_ETMHF40 shadowed ratio 5.6 %
2026-02-12 10:59:26 INFO :  +---------------------------- L1_ETMHF50 shadowed ratio 5.6 %
2026-02-12 10:59:26 INFO :  +----------------------------- L1_ETMHF70_HTT60er shadowed ratio 5.3 %
2026-02-12 10:59:26 INFO :  +------------------------------ L1_ETMHF70 shadowed ratio 5.3 %
2026-02-12 10:59:26 INFO :  +------------------------------- L1_ETMHF80_HTT60er shadowed ratio 5.0 %
2026-02-12 10:59:26 INFO :  +-------------------------------- L1_ETMHF80 shadowed ratio 5.0 %
2026-02-12 10:59:26 INFO :  +--------------------------------- L1_ETMHF80_SingleJet55er2p5_dPhi_Min2p1 shadowed ratio 4.8 %
2026-02-12 10:59:26 INFO :  +---------------------------------- L1_ETMHF80_SingleJet55er2p5_dPhi_Min2p6 shadowed ratio 4.5 %
2026-02-12 10:59:26 INFO :  +----------------------------------- L1_ETMHF90_HTT60er shadowed ratio 4.3 %
2026-02-12 10:59:26 INFO :  +------------------------------------ L1_ETMHF90 shadowed ratio 4.3 %
2026-02-12 10:59:26 INFO :  +------------------------------------- L1_ETMHF90_SingleJet60er2p5_dPhi_Min2p1 shadowed ratio 4.2 %
2026-02-12 10:59:26 INFO :  +-------------------------------------- L1_ETMHF90_SingleJet60er2p5_dPhi_Min2p6 shadowed ratio 4.0 %
2026-02-12 10:59:26 INFO :  ... adding shadowed L1_ETMHF50 333 to module 1
2026-02-12 10:59:26 INFO :  ... adding shadowed L1_SingleJet60er1p3 297 to module 1
2026-02-12 10:59:26 INFO :  ... adding shadowed L1_ETMHF70 400 to module 1
2026-02-12 10:59:26 INFO :  ... adding shadowed L1_SingleJet60er1p3to2p5 298 to module 1
2026-02-12 10:59:26 INFO :  ... adding shadowed L1_ETMHF70_HTT60er 409 to module 1
2026-02-12 10:59:26 INFO :  ... adding shadowed L1_SingleJet60er2p5to3p0 299 to module 1
2026-02-12 10:59:26 INFO :  ... adding shadowed L1_ETMHF80 401 to module 1
2026-02-12 10:59:26 INFO :  ... adding shadowed L1_ETMHF100 403 to module 1
2026-02-12 10:59:26 INFO :  ... adding shadowed L1_SingleJet60er3p0to5p0 300 to module 1
2026-02-12 10:59:26 INFO :  ... adding shadowed L1_DoubleMu3_SQ_ETMHF30_HTT60er 156 to module 1
2026-02-12 10:59:26 INFO :  ... adding shadowed L1_ETMHF80_HTT60er 410 to module 1
2026-02-12 10:59:26 INFO :  ... adding shadowed L1_ETMHF100_HTT60er 412 to module 1
2026-02-12 10:59:26 INFO :  ... adding shadowed L1_ETMHF80_SingleJet55er2p5_dPhi_Min2p1 328 to module 1
2026-02-12 10:59:26 INFO :  ... adding shadowed L1_ETMHF110 404 to module 1
2026-02-12 10:59:26 INFO :  ... adding shadowed L1_DoubleMu3_SQ_ETMHF40_HTT60er 157 to module 1
2026-02-12 10:59:26 INFO :  ... adding shadowed L1_ETMHF80_SingleJet55er2p5_dPhi_Min2p6 329 to module 1
2026-02-12 10:59:26 INFO :  ... adding shadowed L1_ETMHF110_HTT60er 413 to module 1
2026-02-12 10:59:26 INFO :  ... adding shadowed L1_Mu3er1p5_Jet100er2p5_ETMHF30 146 to module 1
2026-02-12 10:59:26 INFO :  ... adding shadowed L1_DoubleMu3_SQ_ETMHF40_Jet60er2p5_OR_DoubleJet40er2p5 160 to module 1
2026-02-12 10:59:26 INFO :  ... adding shadowed L1_ETMHF90 402 to module 1
2026-02-12 10:59:26 INFO :  ... adding shadowed L1_ETMHF120 405 to module 1
2026-02-12 10:59:26 INFO :  ... adding shadowed L1_Mu3er1p5_Jet100er2p5_ETMHF40 147 to module 1
2026-02-12 10:59:26 INFO :  ... adding shadowed L1_DoubleMu3_SQ_ETMHF50_HTT60er 158 to module 1
2026-02-12 10:59:26 INFO :  ... adding shadowed L1_ETMHF90_HTT60er 411 to module 1
2026-02-12 10:59:26 INFO :  ... adding shadowed L1_ETMHF120_HTT60er 414 to module 1
2026-02-12 10:59:26 INFO :  ... adding shadowed L1_Mu3er1p5_Jet100er2p5_ETMHF50 148 to module 1
2026-02-12 10:59:26 INFO :  ... adding shadowed L1_DoubleMu3_SQ_ETMHF50_Jet60er2p5 162 to module 1
2026-02-12 10:59:26 INFO :  ... adding shadowed L1_ETMHF90_SingleJet60er2p5_dPhi_Min2p1 330 to module 1
2026-02-12 10:59:26 INFO :  ... adding shadowed L1_ETMHF130 406 to module 1
2026-02-12 10:59:26 INFO :  ... adding shadowed L1_DoubleMu3_SQ_ETMHF50_Jet60er2p5_OR_DoubleJet40er2p5 161 to module 1
2026-02-12 10:59:26 INFO :  ... adding shadowed L1_ETMHF90_SingleJet60er2p5_dPhi_Min2p6 331 to module 1
2026-02-12 10:59:26 INFO :  ... adding shadowed L1_ETMHF130_HTT60er 415 to module 1
2026-02-12 10:59:26 INFO :  ... adding shadowed L1_DoubleMu3_SQ_ETMHF60_Jet60er2p5 163 to module 1
2026-02-12 10:59:26 INFO :  ... adding shadowed L1_DoubleMu3_SQ_HTT220er 164 to module 1
2026-02-12 10:59:26 INFO :  ... adding shadowed L1_DoubleJet40er2p5 336 to module 1
2026-02-12 10:59:26 INFO :  ... adding shadowed L1_SingleJet60 301 to module 1
2026-02-12 10:59:26 INFO :  ... adding shadowed L1_ETMHF40 332 to module 1
2026-02-12 10:59:26 INFO :  . adding L1_DoubleMu0er1p4_OQ_OS_dEta_Max1p6 (86) to module 2
2026-02-12 10:59:26 INFO :  . adding L1_DoubleMu0er1p4_SQ_OS_dEta_Max1p2 (85) to module 0
2026-02-12 10:59:26 INFO :  . adding L1_DoubleMu0er1p5_SQ_OS_dEta_Max1p2 (83) to module 4
2026-02-12 10:59:26 INFO :  . adding L1_DoubleMu0er2p0_SQ_OS_dEta_Max1p5 (78) to module 0
2026-02-12 10:59:26 INFO :  . adding L1_DoubleMu0er2p0_SQ_dEta_Max1p5 (76) to module 5
2026-02-12 10:59:26 INFO :  . adding L1_DoubleMu0er2p0_SQ_dEta_Max1p6 (75) to module 0
2026-02-12 10:59:26 INFO :  . adding L1_TripleJet_100_80_70_DoubleJet_80_70_er2p5 (375) to module 0
2026-02-12 10:59:26 INFO :  . adding L1_TripleJet_105_85_75_DoubleJet_85_75_er2p5 (376) to module 0
2026-02-12 10:59:26 INFO :  . adding L1_Mu6_DoubleEG10er2p5 (129) to module 2
2026-02-12 10:59:26 INFO :  +-- L1_Mu6_DoubleEG12er2p5 shadowed ratio 33.3 %
2026-02-12 10:59:26 INFO :  +--- L1_Mu6_DoubleEG15er2p5 shadowed ratio 25.0 %
2026-02-12 10:59:26 INFO :  +---- L1_Mu6_DoubleEG17er2p5 shadowed ratio 20.0 %
2026-02-12 10:59:26 INFO :  +----- L1_Mu6_HTT240er shadowed ratio 16.7 %
2026-02-12 10:59:26 INFO :  +------ L1_Mu6_HTT250er shadowed ratio 14.3 %
2026-02-12 10:59:26 INFO :  +------- L1_HTT240_SingleLLPJet70 shadowed ratio 12.5 %
2026-02-12 10:59:26 INFO :  ... adding shadowed L1_Mu6_DoubleEG17er2p5 132 to module 2
2026-02-12 10:59:26 INFO :  ... adding shadowed L1_Mu6_HTT240er 149 to module 2
2026-02-12 10:59:26 INFO :  ... adding shadowed L1_Mu6_DoubleEG12er2p5 130 to module 2
2026-02-12 10:59:26 INFO :  ... adding shadowed L1_Mu6_HTT250er 150 to module 2
2026-02-12 10:59:26 INFO :  ... adding shadowed L1_HTT240_SingleLLPJet70 383 to module 2
2026-02-12 10:59:26 INFO :  ... adding shadowed L1_Mu6_DoubleEG15er2p5 131 to module 2
2026-02-12 10:59:26 INFO :  . adding L1_DoubleEG_LooseIso16_LooseIso12_er1p5 (234) to module 0
2026-02-12 10:59:26 INFO :  . adding L1_DoubleEG_LooseIso18_LooseIso12_er1p5 (235) to module 0
2026-02-12 10:59:26 INFO :  . adding L1_DoubleEG_LooseIso20_LooseIso12_er1p5 (236) to module 4
2026-02-12 10:59:26 INFO :  . adding L1_DoubleEG_LooseIso22_LooseIso12_er1p5 (237) to module 0
2026-02-12 10:59:26 INFO :  . adding L1_DoubleEG_LooseIso25_LooseIso12_er1p5 (238) to module 4
2026-02-12 10:59:26 INFO :  . adding L1_DoubleIsoTau26er2p1 (265) to module 5
2026-02-12 10:59:26 INFO :  . adding L1_DoubleIsoTau28er2p1 (267) to module 0
2026-02-12 10:59:26 INFO :  . adding L1_DoubleIsoTau30er2p1 (268) to module 4
2026-02-12 10:59:26 INFO :  . adding L1_DoubleIsoTau32er2p1 (269) to module 5
2026-02-12 10:59:26 INFO :  . adding L1_DoubleIsoTau34er2p1 (270) to module 0
2026-02-12 10:59:26 INFO :  . adding L1_DoubleIsoTau35er2p1 (271) to module 4
2026-02-12 10:59:26 INFO :  . adding L1_DoubleIsoTau36er2p1 (272) to module 5
2026-02-12 10:59:26 INFO :  . adding L1_DoubleLooseIsoEG22er2p1 (239) to module 0
2026-02-12 10:59:26 INFO :  . adding L1_DoubleLooseIsoEG24er2p1 (240) to module 4
2026-02-12 10:59:26 INFO :  . adding L1_SingleIsoEG28_FWD2p5 (209) to module 5
2026-02-12 10:59:26 INFO :  . adding L1_SingleIsoEG28er1p3to2p5 (207) to module 2
2026-02-12 10:59:26 INFO :  +-- L1_SingleIsoEG28er2p5to3p0 shadowed ratio 33.3 %
2026-02-12 10:59:26 INFO :  +--- L1_SingleLooseIsoEG28er2p5to3p0 shadowed ratio 25.0 %
2026-02-12 10:59:26 INFO :  +---- L1_SingleLooseIsoEG28er1p3to2p5 shadowed ratio 20.0 %
2026-02-12 10:59:26 INFO :  +----- L1_SingleLooseIsoEG28er1p3 shadowed ratio 20.0 %
2026-02-12 10:59:26 INFO :  +------ L1_SingleLooseIsoEG28er2p5 shadowed ratio 20.0 %
2026-02-12 10:59:26 INFO :  +------- L1_SingleEG28er2p5to3p0 shadowed ratio 16.7 %
2026-02-12 10:59:26 INFO :  +-------- L1_SingleEG28er1p3to2p5 shadowed ratio 14.3 %
2026-02-12 10:59:26 INFO :  +--------- L1_SingleEG28er1p3 shadowed ratio 14.3 %
2026-02-12 10:59:26 INFO :  +---------- L1_SingleEG28er2p5 shadowed ratio 14.3 %
2026-02-12 10:59:26 INFO :  +----------- L1_SingleIsoEG28er1p3 shadowed ratio 14.3 %
2026-02-12 10:59:26 INFO :  +------------ L1_SingleIsoEG28er2p5 shadowed ratio 14.3 %
2026-02-12 10:59:26 INFO :  ... adding shadowed L1_SingleIsoEG28er2p5to3p0 208 to module 2
2026-02-12 10:59:26 INFO :  ... adding shadowed L1_SingleLooseIsoEG28er1p3 194 to module 2
2026-02-12 10:59:26 INFO :  ... adding shadowed L1_SingleEG28er1p3 177 to module 2
2026-02-12 10:59:26 INFO :  ... adding shadowed L1_SingleIsoEG28er1p3 206 to module 2
2026-02-12 10:59:26 INFO :  ... adding shadowed L1_SingleLooseIsoEG28er2p5 198 to module 2
2026-02-12 10:59:26 INFO :  ... adding shadowed L1_SingleEG28er2p5 181 to module 2
2026-02-12 10:59:26 INFO :  ... adding shadowed L1_SingleIsoEG28er2p5 210 to module 2
2026-02-12 10:59:26 INFO :  ... adding shadowed L1_SingleLooseIsoEG28er1p3to2p5 195 to module 2
2026-02-12 10:59:26 INFO :  ... adding shadowed L1_SingleEG28er1p3to2p5 178 to module 2
2026-02-12 10:59:26 INFO :  ... adding shadowed L1_SingleLooseIsoEG28er2p5to3p0 196 to module 2
2026-02-12 10:59:26 INFO :  ... adding shadowed L1_SingleEG28er2p5to3p0 179 to module 2
2026-02-12 10:59:26 INFO :  . adding L1_SingleLooseIsoEG28_FWD2p5 (197) to module 0
2026-02-12 10:59:26 INFO :  . adding L1_Mu18er2p1_Tau26er2p1_Jet55 (281) to module 4
2026-02-12 10:59:26 INFO :  +-- L1_Mu18er2p1_Tau26er2p1_Jet70 shadowed ratio 50.0 %
2026-02-12 10:59:26 INFO :  +--- L1_Mu18er2p1_Tau24er2p1 shadowed ratio 20.0 %
2026-02-12 10:59:26 INFO :  +---- L1_Mu18er2p1_Tau26er2p1 shadowed ratio 40.0 %
2026-02-12 10:59:26 INFO :  ... adding shadowed L1_Mu18er2p1_Tau24er2p1 279 to module 4
2026-02-12 10:59:26 INFO :  ... adding shadowed L1_Mu18er2p1_Tau26er2p1 280 to module 4
2026-02-12 10:59:26 INFO :  ... adding shadowed L1_Mu18er2p1_Tau26er2p1_Jet70 282 to module 4
2026-02-12 10:59:26 INFO :  . adding L1_DoubleEG_LooseIso22_12_er2p5 (232) to module 5
2026-02-12 10:59:26 INFO :  . adding L1_DoubleEG_LooseIso25_12_er2p5 (233) to module 0
2026-02-12 10:59:26 INFO :  . adding L1_DoubleMu0_Upt6_IP_Min1_Upt4 (73) to module 5
2026-02-12 10:59:26 INFO :  . adding L1_DoubleEG2er2p13 (470) to module 0
2026-02-12 10:59:26 INFO :  +-- L1_DoubleEG2er2p13_BptxAND shadowed ratio 50.0 %
2026-02-12 10:59:26 INFO :  +--- L1_SingleJet16_BptxAND shadowed ratio 33.3 %
2026-02-12 10:59:26 INFO :  +---- L1_SingleJet16er1p3_BptxAND shadowed ratio 25.0 %
2026-02-12 10:59:26 INFO :  +----- L1_IsolatedBunch shadowed ratio 12.5 %
2026-02-12 10:59:26 INFO :  +------ L1_SingleJet20_BptxAND shadowed ratio 11.1 %
2026-02-12 10:59:26 INFO :  +------- L1_LastBunchInTrain shadowed ratio 27.3 %
2026-02-12 10:59:26 INFO :  +-------- L1_SingleJet20er1p3_BptxAND shadowed ratio 8.3 %
2026-02-12 10:59:26 INFO :  +--------- L1_SingleJet20er1p3_NotBptxOR shadowed ratio 7.7 %
2026-02-12 10:59:26 INFO :  +---------- L1_SingleJet20er1p3to2p5_NotBptxOR shadowed ratio 7.1 %
2026-02-12 10:59:26 INFO :  +----------- L1_SingleJet20er2p5_NotBptxOR shadowed ratio 6.7 %
2026-02-12 10:59:26 INFO :  +------------ L1_SingleJet20er2p5_NotBptxOR_3BX shadowed ratio 26.7 %
2026-02-12 10:59:26 INFO :  +------------- L1_SingleJet24_BptxAND shadowed ratio 6.2 %
2026-02-12 10:59:26 INFO :  +-------------- L1_SingleJet24er1p3_BptxAND shadowed ratio 5.9 %
2026-02-12 10:59:26 INFO :  +--------------- L1_MinimumBiasHF0_AND_BptxAND shadowed ratio 5.3 %
2026-02-12 10:59:26 INFO :  +---------------- L1_MinimumBiasHF0 shadowed ratio 10.5 %
2026-02-12 10:59:26 INFO :  +----------------- L1_SingleJet30er2p5_NotBptxOR shadowed ratio 5.0 %
2026-02-12 10:59:26 INFO :  +------------------ L1_SingleJet43er2p5_NotBptxOR_3BX shadowed ratio 14.3 %
2026-02-12 10:59:26 INFO :  +------------------- L1_SingleJet46er2p5_NotBptxOR_3BX shadowed ratio 13.6 %
2026-02-12 10:59:26 INFO :  +-------------------- L1_DoubleEG2_BptxAND shadowed ratio 4.3 %
2026-02-12 10:59:26 INFO :  +--------------------- L1_DoubleEG2 shadowed ratio 4.3 %
2026-02-12 10:59:26 INFO :  +---------------------- L1_DoubleEG3_BptxAND shadowed ratio 4.2 %
2026-02-12 10:59:26 INFO :  +----------------------- L1_DoubleEG3er2p13_BptxAND shadowed ratio 4.0 %
2026-02-12 10:59:26 INFO :  +------------------------ L1_DoubleEG4_BptxAND shadowed ratio 3.8 %
2026-02-12 10:59:26 INFO :  +------------------------- L1_ZeroBias shadowed ratio 3.8 %
2026-02-12 10:59:26 INFO :  +-------------------------- L1_DoubleEG4er2p13_BptxAND shadowed ratio 3.7 %
2026-02-12 10:59:26 INFO :  +--------------------------- L1_Mu3_Jet30er2p5 shadowed ratio 3.6 %
2026-02-12 10:59:26 INFO :  +---------------------------- L1_ZeroBias_copy shadowed ratio 3.6 %
2026-02-12 10:59:26 INFO :  +----------------------------- L1_SingleJet8_BptxAND shadowed ratio 3.4 %
2026-02-12 10:59:26 INFO :  +------------------------------ L1_SingleJet8 shadowed ratio 3.4 %
2026-02-12 10:59:26 INFO :  +------------------------------- L1_SingleJet8er1p3_BptxAND shadowed ratio 3.3 %
2026-02-12 10:59:26 INFO :  +-------------------------------- L1_SingleJet8er1p3 shadowed ratio 3.3 %
2026-02-12 10:59:26 INFO :  +--------------------------------- L1_NotBptxOR shadowed ratio 3.3 %
2026-02-12 10:59:26 INFO :  +---------------------------------- L1_SecondBunchInTrain shadowed ratio 9.4 %
2026-02-12 10:59:26 INFO :  +----------------------------------- L1_SecondLastBunchInTrain shadowed ratio 15.6 %
2026-02-12 10:59:26 INFO :  +------------------------------------ L1_SingleEG5_BptxAND shadowed ratio 3.0 %
2026-02-12 10:59:26 INFO :  +------------------------------------- L1_SingleEG5 shadowed ratio 3.0 %
2026-02-12 10:59:26 INFO :  +-------------------------------------- L1_FirstBunchAfterTrain shadowed ratio 15.2 %
2026-02-12 10:59:26 INFO :  +--------------------------------------- L1_FirstBunchBeforeTrain shadowed ratio 15.2 %
2026-02-12 10:59:26 INFO :  +---------------------------------------- L1_FirstBunchInTrain shadowed ratio 15.2 %
2026-02-12 10:59:26 INFO :  +----------------------------------------- L1_SingleEG7_BptxAND shadowed ratio 2.9 %
2026-02-12 10:59:26 INFO :  +------------------------------------------ L1_SingleEG7 shadowed ratio 2.9 %
2026-02-12 10:59:26 INFO :  +------------------------------------------- L1_SingleMu3 shadowed ratio 2.9 %
2026-02-12 10:59:26 INFO :  +-------------------------------------------- L1_BptxOR shadowed ratio 2.9 %
2026-02-12 10:59:26 INFO :  +--------------------------------------------- L1_SingleMuOpen_NotBptxOR shadowed ratio 2.9 %
2026-02-12 10:59:26 INFO :  +---------------------------------------------- L1_SingleMuOpen shadowed ratio 2.9 %
2026-02-12 10:59:26 INFO :  +----------------------------------------------- L1_SingleMuOpen_er1p1_NotBptxOR_3BX shadowed ratio 8.3 %
2026-02-12 10:59:26 INFO :  +------------------------------------------------ L1_SingleMuOpen_er1p4_NotBptxOR_3BX shadowed ratio 8.1 %
2026-02-12 10:59:26 INFO :  +------------------------------------------------- L1_SingleJet12_BptxAND shadowed ratio 2.6 %
2026-02-12 10:59:26 INFO :  +-------------------------------------------------- L1_AlwaysTrue shadowed ratio 2.6 %
2026-02-12 10:59:26 INFO :  +--------------------------------------------------- L1_SingleJet12er1p3_BptxAND shadowed ratio 2.6 %
2026-02-12 10:59:26 INFO :  ... adding shadowed L1_FirstBunchInTrain 486 to module 0
2026-02-12 10:59:26 INFO :  ... adding shadowed L1_DoubleEG2er2p13_BptxAND 464 to module 0
2026-02-12 10:59:26 INFO :  ... adding shadowed L1_SingleEG7 460 to module 0
2026-02-12 10:59:26 INFO :  ... adding shadowed L1_MinimumBiasHF0 476 to module 0
2026-02-12 10:59:26 INFO :  ... adding shadowed L1_SingleJet24_BptxAND 448 to module 0
2026-02-12 10:59:26 INFO :  ... adding shadowed L1_DoubleEG3_BptxAND 465 to module 0
2026-02-12 10:59:26 INFO :  ... adding shadowed L1_SingleEG7_BptxAND 458 to module 0
2026-02-12 10:59:26 INFO :  ... adding shadowed L1_SingleJet24er1p3_BptxAND 453 to module 0
2026-02-12 10:59:26 INFO :  ... adding shadowed L1_MinimumBiasHF0_AND_BptxAND 475 to module 0
2026-02-12 10:59:26 INFO :  ... adding shadowed L1_SecondBunchInTrain 487 to module 0
2026-02-12 10:59:26 INFO :  ... adding shadowed L1_SingleMuOpen 4 to module 0
2026-02-12 10:59:26 INFO :  ... adding shadowed L1_DoubleEG3er2p13_BptxAND 466 to module 0
2026-02-12 10:59:26 INFO :  ... adding shadowed L1_SingleMu3 19 to module 0
2026-02-12 10:59:26 INFO :  ... adding shadowed L1_SingleJet30er2p5_NotBptxOR 293 to module 0
2026-02-12 10:59:26 INFO :  ... adding shadowed L1_SingleJet16_BptxAND 446 to module 0
2026-02-12 10:59:26 INFO :  ... adding shadowed L1_DoubleEG4_BptxAND 467 to module 0
2026-02-12 10:59:26 INFO :  ... adding shadowed L1_ZeroBias 473 to module 0
2026-02-12 10:59:26 INFO :  ... adding shadowed L1_SingleJet16er1p3_BptxAND 451 to module 0
2026-02-12 10:59:26 INFO :  ... adding shadowed L1_SecondLastBunchInTrain 488 to module 0
2026-02-12 10:59:26 INFO :  ... adding shadowed L1_DoubleEG4er2p13_BptxAND 468 to module 0
2026-02-12 10:59:26 INFO :  ... adding shadowed L1_Mu3_Jet30er2p5 137 to module 0
2026-02-12 10:59:26 INFO :  ... adding shadowed L1_ZeroBias_copy 474 to module 0
2026-02-12 10:59:26 INFO :  ... adding shadowed L1_SingleJet8 454 to module 0
2026-02-12 10:59:26 INFO :  ... adding shadowed L1_SingleMuOpen_NotBptxOR 436 to module 0
2026-02-12 10:59:26 INFO :  ... adding shadowed L1_SingleJet8_BptxAND 444 to module 0
2026-02-12 10:59:26 INFO :  ... adding shadowed L1_SingleJet8er1p3 455 to module 0
2026-02-12 10:59:26 INFO :  ... adding shadowed L1_BptxOR 478 to module 0
2026-02-12 10:59:26 INFO :  ... adding shadowed L1_IsolatedBunch 484 to module 0
2026-02-12 10:59:26 INFO :  ... adding shadowed L1_NotBptxOR 477 to module 0
2026-02-12 10:59:26 INFO :  ... adding shadowed L1_SingleMuOpen_er1p1_NotBptxOR_3BX 438 to module 0
2026-02-12 10:59:26 INFO :  ... adding shadowed L1_SingleJet8er1p3_BptxAND 449 to module 0
2026-02-12 10:59:26 INFO :  ... adding shadowed L1_SingleJet20_BptxAND 447 to module 0
2026-02-12 10:59:26 INFO :  ... adding shadowed L1_LastBunchInTrain 489 to module 0
2026-02-12 10:59:26 INFO :  ... adding shadowed L1_SingleJet43er2p5_NotBptxOR_3BX 441 to module 0
2026-02-12 10:59:26 INFO :  ... adding shadowed L1_SingleJet20er1p3_BptxAND 452 to module 0
2026-02-12 10:59:26 INFO :  ... adding shadowed L1_SingleMuOpen_er1p4_NotBptxOR_3BX 437 to module 0
2026-02-12 10:59:26 INFO :  ... adding shadowed L1_SingleEG5 459 to module 0
2026-02-12 10:59:26 INFO :  ... adding shadowed L1_SingleJet20er1p3_NotBptxOR 295 to module 0
2026-02-12 10:59:26 INFO :  ... adding shadowed L1_SingleJet46er2p5_NotBptxOR_3BX 442 to module 0
2026-02-12 10:59:26 INFO :  ... adding shadowed L1_SingleJet20er1p3to2p5_NotBptxOR 294 to module 0
2026-02-12 10:59:26 INFO :  ... adding shadowed L1_SingleJet12_BptxAND 445 to module 0
2026-02-12 10:59:26 INFO :  ... adding shadowed L1_DoubleEG2 469 to module 0
2026-02-12 10:59:26 INFO :  ... adding shadowed L1_SingleEG5_BptxAND 457 to module 0
2026-02-12 10:59:26 INFO :  ... adding shadowed L1_SingleJet20er2p5_NotBptxOR 439 to module 0
2026-02-12 10:59:26 INFO :  ... adding shadowed L1_FirstBunchAfterTrain 490 to module 0
2026-02-12 10:59:26 INFO :  ... adding shadowed L1_AlwaysTrue 472 to module 0
2026-02-12 10:59:26 INFO :  ... adding shadowed L1_SingleJet12er1p3_BptxAND 450 to module 0
2026-02-12 10:59:26 INFO :  ... adding shadowed L1_DoubleEG2_BptxAND 463 to module 0
2026-02-12 10:59:26 INFO :  ... adding shadowed L1_FirstBunchBeforeTrain 485 to module 0
2026-02-12 10:59:26 INFO :  ... adding shadowed L1_SingleJet20er2p5_NotBptxOR_3BX 440 to module 0
2026-02-12 10:59:26 INFO :  . adding L1_DoubleEG_15_10_er2p5 (226) to module 5
2026-02-12 10:59:26 INFO :  . adding L1_DoubleEG_20_10_er2p5 (227) to module 5
2026-02-12 10:59:26 INFO :  . adding L1_DoubleEG_22_10_er2p5 (228) to module 4
2026-02-12 10:59:26 INFO :  . adding L1_DoubleEG_25_12_er2p5 (229) to module 5
2026-02-12 10:59:26 INFO :  . adding L1_DoubleEG_25_14_er2p5 (230) to module 4
2026-02-12 10:59:26 INFO :  . adding L1_DoubleEG_27_14_er2p5 (231) to module 1
2026-02-12 10:59:26 INFO :  . adding L1_DoubleJet100er2p5 (337) to module 5
2026-02-12 10:59:26 INFO :  . adding L1_DoubleJet150er2p5 (339) to module 4
2026-02-12 10:59:26 INFO :  . adding L1_DoubleMu0_Upt15_Upt7 (74) to module 1
2026-02-12 10:59:26 INFO :  . adding L1_DoubleMu0_Upt5_Upt5 (69) to module 5
2026-02-12 10:59:26 INFO :  . adding L1_DoubleMu0_Upt6_SQ_er2p0 (70) to module 4
2026-02-12 10:59:26 INFO :  . adding L1_DoubleMu0_Upt7_SQ_er2p0 (71) to module 1
2026-02-12 10:59:26 INFO :  . adding L1_DoubleMu0_Upt8_SQ_er2p0 (72) to module 5
2026-02-12 10:59:26 INFO :  . adding L1_DoubleTau70er2p1 (266) to module 4
2026-02-12 10:59:26 INFO :  . adding L1_SingleEG28_FWD2p5 (180) to module 1
2026-02-12 10:59:26 INFO :  . adding L1_SingleJet120_FWD2p5 (316) to module 5
2026-02-12 10:59:26 INFO :  . adding L1_SingleJet120_FWD3p0 (318) to module 4
2026-02-12 10:59:26 INFO :  . adding L1_SingleJet35_FWD2p5 (313) to module 1
2026-02-12 10:59:26 INFO :  . adding L1_SingleJet35_FWD3p0 (317) to module 2
2026-02-12 10:59:26 INFO :  . adding L1_SingleJet60_FWD2p5 (314) to module 5
2026-02-12 10:59:26 INFO :  . adding L1_SingleJet90_FWD2p5 (315) to module 4
2026-02-12 10:59:26 INFO :  . adding L1_Mu22er2p1_IsoTau30er2p1 (286) to module 1
2026-02-12 10:59:26 INFO :  +-- L1_Mu22er2p1_IsoTau32er2p1 shadowed ratio 33.3 %
2026-02-12 10:59:26 INFO :  +--- L1_Mu22er2p1_IsoTau34er2p1 shadowed ratio 25.0 %
2026-02-12 10:59:26 INFO :  +---- L1_Mu22er2p1_IsoTau40er2p1 shadowed ratio 20.0 %
2026-02-12 10:59:26 INFO :  +----- L1_Mu22er2p1_Tau70er2p1 shadowed ratio 16.7 %
2026-02-12 10:59:26 INFO :  ... adding shadowed L1_Mu22er2p1_IsoTau32er2p1 287 to module 1
2026-02-12 10:59:26 INFO :  ... adding shadowed L1_Mu22er2p1_IsoTau34er2p1 288 to module 1
2026-02-12 10:59:26 INFO :  ... adding shadowed L1_Mu22er2p1_IsoTau40er2p1 290 to module 1
2026-02-12 10:59:26 INFO :  ... adding shadowed L1_Mu22er2p1_Tau70er2p1 291 to module 1
2026-02-12 10:59:26 INFO :  . adding L1_DoubleMu4_SQ_EG9er2p5 (133) to module 2
2026-02-12 10:59:26 INFO :  +-- L1_DoubleMu5_SQ_EG9er2p5 shadowed ratio 33.3 %
2026-02-12 10:59:26 INFO :  ... adding shadowed L1_DoubleMu5_SQ_EG9er2p5 134 to module 2
2026-02-12 10:59:26 INFO :  . adding L1_QuadMu0 (117) to module 5
2026-02-12 10:59:26 INFO :  . adding L1_QuadMu0_OQ (116) to module 4
2026-02-12 10:59:26 INFO :  . adding L1_QuadMu0_SQ (118) to module 5
2026-02-12 10:59:26 INFO :  . adding L1_Mu5_LooseIsoEG20er2p5 (126) to module 4
2026-02-12 10:59:26 INFO :  +-- L1_Mu7_LooseIsoEG20er2p5 shadowed ratio 33.3 %
2026-02-12 10:59:26 INFO :  +--- L1_SingleMu5 shadowed ratio 33.3 %
2026-02-12 10:59:26 INFO :  +---- L1_SingleMu7 shadowed ratio 33.3 %
2026-02-12 10:59:26 INFO :  +----- L1_Mu5_EG23er2p5 shadowed ratio 25.0 %
2026-02-12 10:59:26 INFO :  +------ L1_Mu7_EG20er2p5 shadowed ratio 20.0 %
2026-02-12 10:59:26 INFO :  +------- L1_SingleEG20er2p5 shadowed ratio 20.0 %
2026-02-12 10:59:26 INFO :  +-------- L1_Mu7_EG23er2p5 shadowed ratio 40.0 %
2026-02-12 10:59:26 INFO :  +--------- L1_Mu7_LooseIsoEG23er2p5 shadowed ratio 16.7 %
2026-02-12 10:59:26 INFO :  ... adding shadowed L1_Mu7_EG20er2p5 123 to module 4
2026-02-12 10:59:26 INFO :  ... adding shadowed L1_SingleMu5 20 to module 4
2026-02-12 10:59:26 INFO :  ... adding shadowed L1_SingleMu7 22 to module 4
2026-02-12 10:59:26 INFO :  ... adding shadowed L1_Mu7_EG23er2p5 124 to module 4
2026-02-12 10:59:26 INFO :  ... adding shadowed L1_Mu7_LooseIsoEG20er2p5 127 to module 4
2026-02-12 10:59:26 INFO :  ... adding shadowed L1_SingleEG20er2p5 172 to module 4
2026-02-12 10:59:26 INFO :  ... adding shadowed L1_Mu5_EG23er2p5 122 to module 4
2026-02-12 10:59:26 INFO :  ... adding shadowed L1_Mu7_LooseIsoEG23er2p5 128 to module 4
2026-02-12 10:59:26 INFO :  . adding L1_DoubleMu0er1p5_SQ_OS (80) to module 2
2026-02-12 10:59:26 INFO :  . adding L1_DoubleMu4p5er2p0_SQ_OS (94) to module 5
2026-02-12 10:59:26 INFO :  . adding L1_DoubleMu0er1p5_SQ (79) to module 2
2026-02-12 10:59:26 INFO :  . adding L1_DoubleMu18er2p1_SQ (68) to module 5
2026-02-12 10:59:26 INFO :  . adding L1_SingleJet10erHE (320) to module 2
2026-02-12 10:59:26 INFO :  . adding L1_SingleJet12erHE (321) to module 5
2026-02-12 10:59:26 INFO :  . adding L1_SingleJet8erHE (319) to module 1
2026-02-12 10:59:26 INFO :  . adding L1_Mu20_EG10er2p5 (125) to module 2
2026-02-12 10:59:26 INFO :  +-- L1_SingleEG10er2p5 shadowed ratio 50.0 %
2026-02-12 10:59:26 INFO :  +--- L1_SingleMu20 shadowed ratio 50.0 %
2026-02-12 10:59:26 INFO :  ... adding shadowed L1_SingleEG10er2p5 174 to module 2
2026-02-12 10:59:26 INFO :  ... adding shadowed L1_SingleMu20 39 to module 2
2026-02-12 10:59:26 INFO :  . adding L1_DoubleLLPJet40 (379) to module 5
2026-02-12 10:59:26 INFO :  . adding L1_SingleMu0_Upt10_EMTF (18) to module 1
2026-02-12 10:59:26 INFO :  . adding L1_SingleMu0_Upt10_OMTF (17) to module 5
2026-02-12 10:59:26 INFO :  . adding L1_TripleMu0 (99) to module 1
2026-02-12 10:59:26 INFO :  . adding L1_TripleMu0_OQ (98) to module 5
2026-02-12 10:59:26 INFO :  . adding L1_TripleMu0_SQ (100) to module 2
2026-02-12 10:59:26 INFO :  . adding L1_TripleMu3 (101) to module 1
2026-02-12 10:59:26 INFO :  . adding L1_TripleMu3_SQ (102) to module 5
2026-02-12 10:59:26 INFO :  . adding L1_TripleMu_3SQ_2p5SQ_0 (103) to module 2
2026-02-12 10:59:26 INFO :  . adding L1_TripleMu_5_3_3 (107) to module 1
2026-02-12 10:59:26 INFO :  . adding L1_TripleMu_5_3_3_SQ (108) to module 4
2026-02-12 10:59:26 INFO :  . adding L1_TripleMu_5_5_3 (109) to module 5
2026-02-12 10:59:26 INFO :  . adding L1_LooseIsoEG14er2p5_HTT200er (241) to module 2
2026-02-12 10:59:26 INFO :  +-- L1_LooseIsoEG16er2p5_HTT200er shadowed ratio 33.3 %
2026-02-12 10:59:26 INFO :  +--- L1_HTT200_SingleLLPJet60 shadowed ratio 25.0 %
2026-02-12 10:59:26 INFO :  +---- L1_HTT200er shadowed ratio 25.0 %
2026-02-12 10:59:26 INFO :  ... adding shadowed L1_LooseIsoEG16er2p5_HTT200er 242 to module 2
2026-02-12 10:59:26 INFO :  ... adding shadowed L1_HTT200_SingleLLPJet60 382 to module 2
2026-02-12 10:59:26 INFO :  ... adding shadowed L1_HTT200er 390 to module 2
2026-02-12 10:59:26 INFO :  . adding L1_SingleIsoEG24er2p1 (203) to module 1
2026-02-12 10:59:26 INFO :  . adding L1_SingleIsoEG26er2p1 (205) to module 4
2026-02-12 10:59:26 INFO :  . adding L1_SingleIsoEG26er2p5 (204) to module 5
2026-02-12 10:59:26 INFO :  . adding L1_SingleIsoEG28er1p5 (212) to module 1
2026-02-12 10:59:26 INFO :  . adding L1_SingleIsoEG28er2p1 (211) to module 4
2026-02-12 10:59:26 INFO :  . adding L1_SingleIsoEG30er2p1 (214) to module 5
2026-02-12 10:59:26 INFO :  . adding L1_SingleIsoEG30er2p5 (213) to module 1
2026-02-12 10:59:26 INFO :  . adding L1_SingleIsoEG32er2p1 (216) to module 4
2026-02-12 10:59:26 INFO :  . adding L1_SingleIsoEG32er2p5 (215) to module 5
2026-02-12 10:59:26 INFO :  . adding L1_SingleIsoEG34er2p5 (217) to module 1
2026-02-12 10:59:26 INFO :  . adding L1_SingleLooseIsoEG26er1p5 (193) to module 4
2026-02-12 10:59:26 INFO :  . adding L1_SingleLooseIsoEG26er2p5 (192) to module 2
2026-02-12 10:59:26 INFO :  . adding L1_SingleLooseIsoEG28er1p5 (200) to module 5
2026-02-12 10:59:26 INFO :  . adding L1_SingleLooseIsoEG28er2p1 (199) to module 1
2026-02-12 10:59:26 INFO :  . adding L1_SingleLooseIsoEG30er1p5 (202) to module 4
2026-02-12 10:59:26 INFO :  . adding L1_SingleLooseIsoEG30er2p5 (201) to module 2
2026-02-12 10:59:26 INFO :  . adding L1_SingleMu0_EMTF (11) to module 5
2026-02-12 10:59:26 INFO :  . adding L1_SingleMu0_OMTF (10) to module 1
2026-02-12 10:59:26 INFO :  . adding L1_SingleMu12_DQ_EMTF (36) to module 4
2026-02-12 10:59:26 INFO :  . adding L1_SingleMu12_DQ_OMTF (35) to module 2
2026-02-12 10:59:26 INFO :  . adding L1_SingleMu22_EMTF (45) to module 5
2026-02-12 10:59:26 INFO :  . adding L1_SingleMu22_OMTF (44) to module 1
2026-02-12 10:59:26 INFO :  . adding L1_SingleMuOpen_EMTF (7) to module 4
2026-02-12 10:59:26 INFO :  . adding L1_SingleMuOpen_OMTF (6) to module 2
2026-02-12 10:59:26 INFO :  . adding L1_SingleEG15er2p5 (175) to module 5
2026-02-12 10:59:26 INFO :  . adding L1_SingleEG18er2p5 (171) to module 1
2026-02-12 10:59:26 INFO :  . adding L1_SingleEG26er2p5 (176) to module 4
2026-02-12 10:59:26 INFO :  . adding L1_SingleEG28er1p5 (183) to module 2
2026-02-12 10:59:26 INFO :  . adding L1_SingleEG28er2p1 (182) to module 5
2026-02-12 10:59:26 INFO :  . adding L1_SingleEG34er2p5 (184) to module 1
2026-02-12 10:59:26 INFO :  . adding L1_SingleEG36er2p5 (185) to module 4
2026-02-12 10:59:26 INFO :  . adding L1_SingleEG38er2p5 (186) to module 2
2026-02-12 10:59:26 INFO :  . adding L1_SingleEG40er2p5 (187) to module 5
2026-02-12 10:59:26 INFO :  . adding L1_SingleEG42er2p5 (188) to module 1
2026-02-12 10:59:26 INFO :  . adding L1_SingleEG45er2p5 (189) to module 4
2026-02-12 10:59:26 INFO :  . adding L1_SingleEG5er1p52 (461) to module 2
2026-02-12 10:59:26 INFO :  . adding L1_SingleEG7er1p52 (462) to module 5
2026-02-12 10:59:26 INFO :  . adding L1_SingleEG8er2p5 (173) to module 1
2026-02-12 10:59:26 INFO :  . adding L1_SingleJet120er1p3 (308) to module 4
2026-02-12 10:59:26 INFO :  . adding L1_SingleJet120er2p5 (309) to module 2
2026-02-12 10:59:26 INFO :  . adding L1_SingleJet140er2p5 (310) to module 5
2026-02-12 10:59:26 INFO :  . adding L1_SingleJet160er2p5 (311) to module 1
2026-02-12 10:59:26 INFO :  . adding L1_SingleJet180er2p5 (312) to module 4
2026-02-12 10:59:26 INFO :  . adding L1_SingleJet35er1p3 (306) to module 2
2026-02-12 10:59:26 INFO :  . adding L1_SingleJet35er2p5 (307) to module 5
2026-02-12 10:59:26 INFO :  . adding L1_SingleJet8er2p13 (456) to module 1
2026-02-12 10:59:26 INFO :  . adding L1_SingleMu0_Upt10_BMTF (16) to module 3
2026-02-12 10:59:26 INFO :  . adding L1_SingleMu0_Upt15_SQ14_BMTF (53) to module 4
2026-02-12 10:59:26 INFO :  . adding L1_SingleMu0_Upt20_SQ14_BMTF (54) to module 2
2026-02-12 10:59:26 INFO :  . adding L1_SingleMuCosmics_EMTF (3) to module 5
2026-02-12 10:59:26 INFO :  . adding L1_SingleMuCosmics_OMTF (2) to module 1
2026-02-12 10:59:26 INFO :  . adding L1_SingleTau120er2p1 (263) to module 3
2026-02-12 10:59:26 INFO :  . adding L1_SingleTau130er2p1 (264) to module 4
2026-02-12 10:59:26 INFO :  . adding L1_DoubleMu0_SQ_OS (59) to module 2
2026-02-12 10:59:26 INFO :  . adding L1_DoubleMu4_SQ_OS (89) to module 5
2026-02-12 10:59:26 INFO :  . adding L1_DoubleMu4p5_SQ_OS (92) to module 1
2026-02-12 10:59:26 INFO :  . adding L1_DoubleMu0 (57) to module 3
2026-02-12 10:59:26 INFO :  . adding L1_DoubleMu0_OQ (56) to module 4
2026-02-12 10:59:26 INFO :  . adding L1_DoubleMu0_SQ (58) to module 2
2026-02-12 10:59:26 INFO :  . adding L1_DoubleMu8_SQ (61) to module 5
2026-02-12 10:59:26 INFO :  . adding L1_DoubleMu9_SQ (62) to module 1
2026-02-12 10:59:26 INFO :  . adding L1_DoubleMu_12_5 (63) to module 3
2026-02-12 10:59:26 INFO :  . adding L1_DoubleMu_15_5_SQ (64) to module 4
2026-02-12 10:59:26 INFO :  . adding L1_DoubleMu_15_7 (65) to module 2
2026-02-12 10:59:26 INFO :  . adding L1_DoubleMu_15_7_SQ (66) to module 5
2026-02-12 10:59:26 INFO :  . adding L1_SingleMu0_BMTF (9) to module 1
2026-02-12 10:59:26 INFO :  . adding L1_SingleMu0_SQ13_BMTF (12) to module 3
2026-02-12 10:59:26 INFO :  . adding L1_SingleMu0_SQ14_BMTF (13) to module 4
2026-02-12 10:59:26 INFO :  . adding L1_SingleMu0_SQ15_BMTF (14) to module 2
2026-02-12 10:59:26 INFO :  . adding L1_SingleMu10_SQ14_BMTF (30) to module 5
2026-02-12 10:59:26 INFO :  . adding L1_SingleMu11_SQ14_BMTF (31) to module 1
2026-02-12 10:59:26 INFO :  . adding L1_SingleMu12_DQ_BMTF (34) to module 3
2026-02-12 10:59:26 INFO :  . adding L1_SingleMu13_SQ14_BMTF (32) to module 4
2026-02-12 10:59:26 INFO :  . adding L1_SingleMu22_BMTF (43) to module 2
2026-02-12 10:59:26 INFO :  . adding L1_SingleMu22_BMTF_NEG (47) to module 5
2026-02-12 10:59:27 INFO :  . adding L1_SingleMu22_BMTF_POS (46) to module 1
2026-02-12 10:59:27 INFO :  . adding L1_SingleMu22_EMTF_NEG (51) to module 3
2026-02-12 10:59:27 INFO :  . adding L1_SingleMu22_EMTF_POS (50) to module 4
2026-02-12 10:59:27 INFO :  . adding L1_SingleMu22_OMTF_NEG (49) to module 2
2026-02-12 10:59:27 INFO :  . adding L1_SingleMu22_OMTF_POS (48) to module 5
2026-02-12 10:59:27 INFO :  . adding L1_SingleMu5_BMTF (24) to module 1
2026-02-12 10:59:27 INFO :  . adding L1_SingleMu5_SQ14_BMTF (25) to module 3
2026-02-12 10:59:27 INFO :  . adding L1_SingleMu6_SQ14_BMTF (26) to module 4
2026-02-12 10:59:27 INFO :  . adding L1_SingleMu7_SQ14_BMTF (27) to module 2
2026-02-12 10:59:27 INFO :  . adding L1_SingleMu8_SQ14_BMTF (28) to module 5
2026-02-12 10:59:27 INFO :  . adding L1_SingleMu9_SQ14_BMTF (29) to module 1
2026-02-12 10:59:27 INFO :  . adding L1_SingleMuOpen_BMTF (5) to module 3
2026-02-12 10:59:27 INFO :  . adding L1_HTT120_SingleLLPJet40 (380) to module 4
2026-02-12 10:59:27 INFO :  +-- L1_HTT120er shadowed ratio 50.0 %
2026-02-12 10:59:27 INFO :  ... adding shadowed L1_HTT120er 388 to module 4
2026-02-12 10:59:27 INFO :  . adding L1_HTT160_SingleLLPJet50 (381) to module 2
2026-02-12 10:59:27 INFO :  +-- L1_HTT160er shadowed ratio 50.0 %
2026-02-12 10:59:27 INFO :  ... adding shadowed L1_HTT160er 389 to module 2
2026-02-12 10:59:27 INFO :  . adding L1_SingleMu0_Upt10 (15) to module 5
2026-02-12 10:59:27 INFO :  . adding L1_SingleMuCosmics_BMTF (1) to module 1
2026-02-12 10:59:27 INFO :  . adding L1_Mu12_HTT150er (151) to module 3
2026-02-12 10:59:27 INFO :  +-- L1_Mu14_HTT150er shadowed ratio 33.3 %
2026-02-12 10:59:27 INFO :  ... adding shadowed L1_Mu14_HTT150er 152 to module 3
2026-02-12 10:59:27 INFO :  . adding L1_SingleEG50 (190) to module 5
2026-02-12 10:59:27 INFO :  . adding L1_SingleEG60 (191) to module 1
2026-02-12 10:59:27 INFO :  . adding L1_SingleJet120 (303) to module 4
2026-02-12 10:59:27 INFO :  . adding L1_SingleJet180 (304) to module 2
2026-02-12 10:59:27 INFO :  . adding L1_SingleJet200 (305) to module 5
2026-02-12 10:59:27 INFO :  . adding L1_SingleJet35 (296) to module 1
2026-02-12 10:59:27 INFO :  . adding L1_SingleJet90 (302) to module 3
2026-02-12 10:59:27 INFO :  . adding L1_SingleMu0_DQ (8) to module 4
2026-02-12 10:59:27 INFO :  . adding L1_SingleMu12_DQ (23) to module 2
2026-02-12 10:59:27 INFO :  . adding L1_SingleMu15_DQ (37) to module 5
2026-02-12 10:59:27 INFO :  . adding L1_SingleMu18 (38) to module 1
2026-02-12 10:59:27 INFO :  . adding L1_SingleMu22 (42) to module 3
2026-02-12 10:59:27 INFO :  . adding L1_SingleMu22_DQ (41) to module 4
2026-02-12 10:59:27 INFO :  . adding L1_SingleMu22_OQ (40) to module 2
2026-02-12 10:59:27 INFO :  . adding L1_SingleMu25 (52) to module 5
2026-02-12 10:59:27 INFO :  . adding L1_SingleMu7_DQ (21) to module 1
2026-02-12 10:59:27 INFO :  . adding L1_SingleMuCosmics (0) to module 3
2026-02-12 10:59:27 INFO : [*] applying condition constraint 'Axol1tlTrigger' => module 1
2026-02-12 10:59:27 INFO :  . adding L1_AXO_Loose (422) to module 1
2026-02-12 10:59:27 INFO : [*] applying condition constraint 'Axol1tlTrigger' => module 1
2026-02-12 10:59:27 INFO :  . adding L1_AXO_Medium (423) to module 1
2026-02-12 10:59:27 INFO : [*] applying condition constraint 'Axol1tlTrigger' => module 1
2026-02-12 10:59:27 INFO :  . adding L1_AXO_Tight (424) to module 1
2026-02-12 10:59:27 INFO : [*] applying condition constraint 'Axol1tlTrigger' => module 1
2026-02-12 10:59:27 INFO :  . adding L1_AXO_VLoose (421) to module 1
2026-02-12 10:59:27 INFO : [*] applying condition constraint 'Axol1tlTrigger' => module 1
2026-02-12 10:59:27 INFO :  . adding L1_AXO_VTight (425) to module 1
2026-02-12 10:59:27 INFO : [*] applying condition constraint 'Axol1tlTrigger' => module 1
2026-02-12 10:59:27 INFO :  . adding L1_AXO_VVTight (426) to module 1
2026-02-12 10:59:27 INFO : [*] applying condition constraint 'Axol1tlTrigger' => module 1
2026-02-12 10:59:27 INFO :  . adding L1_AXO_VVVTight (427) to module 1
2026-02-12 10:59:27 INFO :  . adding L1_CICADA_Loose (429) to module 4
2026-02-12 10:59:27 INFO :  . adding L1_CICADA_Medium (430) to module 2
2026-02-12 10:59:27 INFO :  . adding L1_CICADA_Parking1 (260) to module 5
2026-02-12 10:59:27 INFO :  . adding L1_CICADA_Parking2 (261) to module 3
2026-02-12 10:59:27 INFO :  . adding L1_CICADA_Parking3 (262) to module 4
2026-02-12 10:59:27 INFO :  . adding L1_CICADA_Tight (431) to module 2
2026-02-12 10:59:27 INFO :  . adding L1_CICADA_VLoose (428) to module 5
2026-02-12 10:59:27 INFO :  . adding L1_CICADA_VTight (432) to module 0
2026-02-12 10:59:27 INFO :  . adding L1_CICADA_VVTight (433) to module 3
2026-02-12 10:59:27 INFO :  . adding L1_CICADA_VVVTight (434) to module 4
2026-02-12 10:59:27 INFO :  . adding L1_CICADA_VVVVTight (435) to module 2
2026-02-12 10:59:27 INFO :  . adding L1_ETM120 (398) to module 5
2026-02-12 10:59:27 INFO :  . adding L1_ETM150 (399) to module 0
2026-02-12 10:59:27 INFO :  . adding L1_ETMHF140 (407) to module 3
2026-02-12 10:59:27 INFO :  . adding L1_ETMHF150 (408) to module 4
2026-02-12 10:59:27 INFO :  . adding L1_ETT2000 (397) to module 2
2026-02-12 10:59:27 INFO :  . adding L1_HTMHF100 (416) to module 5
2026-02-12 10:59:27 INFO :  . adding L1_HTMHF120 (417) to module 0
2026-02-12 10:59:27 INFO :  . adding L1_HTMHF125 (418) to module 3
2026-02-12 10:59:27 INFO :  . adding L1_HTMHF130 (419) to module 4
2026-02-12 10:59:27 INFO :  . adding L1_HTMHF150 (420) to module 2
2026-02-12 10:59:27 INFO :  . adding L1_HTT100er (335) to module 5
2026-02-12 10:59:27 INFO :  . adding L1_HTT255er (391) to module 0
2026-02-12 10:59:27 INFO :  . adding L1_HTT360er (394) to module 3
2026-02-12 10:59:27 INFO :  . adding L1_HTT400er (395) to module 4
2026-02-12 10:59:27 INFO :  . adding L1_HTT450er (396) to module 2
2026-02-12 10:59:27 INFO :  . adding L1_HTT80er (334) to module 5
2026-02-12 10:59:27 INFO :  . adding L1_BPTX_AND_Ref1_VME (498) to module 0
2026-02-12 10:59:27 INFO :  . adding L1_BPTX_AND_Ref3_VME (499) to module 3
2026-02-12 10:59:27 INFO :  . adding L1_BPTX_AND_Ref4_VME (500) to module 4
2026-02-12 10:59:27 INFO :  . adding L1_BPTX_BeamGas_B1_VME (503) to module 2
2026-02-12 10:59:27 INFO :  . adding L1_BPTX_BeamGas_B2_VME (504) to module 5
2026-02-12 10:59:27 INFO :  . adding L1_BPTX_BeamGas_Ref1_VME (501) to module 0
2026-02-12 10:59:27 INFO :  . adding L1_BPTX_BeamGas_Ref2_VME (502) to module 3
2026-02-12 10:59:27 INFO :  . adding L1_BPTX_NotOR_VME (494) to module 4
2026-02-12 10:59:27 INFO :  . adding L1_BPTX_OR_Ref3_VME (495) to module 2
2026-02-12 10:59:27 INFO :  . adding L1_BPTX_OR_Ref4_VME (496) to module 5
2026-02-12 10:59:27 INFO :  . adding L1_BPTX_RefAND_VME (497) to module 0
2026-02-12 10:59:27 INFO :  . adding L1_BptxMinus (481) to module 3
2026-02-12 10:59:27 INFO :  +-- L1_BptxXOR shadowed ratio 50.0 %
2026-02-12 10:59:27 INFO :  +--- L1_BptxPlus shadowed ratio 50.0 %
2026-02-12 10:59:27 INFO :  ... adding shadowed L1_BptxPlus 480 to module 3
2026-02-12 10:59:27 INFO :  ... adding shadowed L1_BptxXOR 479 to module 3
2026-02-12 10:59:27 INFO :  . adding L1_FirstCollisionInOrbit (493) to module 4
2026-02-12 10:59:27 INFO :  . adding L1_FirstCollisionInTrain (492) to module 2
2026-02-12 10:59:27 INFO :  . adding L1_HCAL_LaserMon_Trig (506) to module 5
2026-02-12 10:59:27 INFO :  . adding L1_HCAL_LaserMon_Veto (507) to module 0
2026-02-12 10:59:27 INFO :  . adding L1_LastCollisionInTrain (491) to module 4
2026-02-12 10:59:27 INFO :  . adding L1_SingleMuShower_Nominal (119) to module 2
2026-02-12 10:59:27 INFO :  . adding L1_SingleMuShower_Tight (120) to module 5
2026-02-12 10:59:27 INFO :  . adding L1_TOTEM_1 (508) to module 0
2026-02-12 10:59:27 INFO :  . adding L1_TOTEM_2 (509) to module 4
2026-02-12 10:59:27 INFO :  . adding L1_TOTEM_3 (510) to module 2
2026-02-12 10:59:27 INFO :  . adding L1_TOTEM_4 (511) to module 5
2026-02-12 10:59:27 INFO :  . adding L1_TwoMuShower_Loose (121) to module 0
2026-02-12 10:59:27 INFO :  . adding L1_UnpairedBunchBptxMinus (483) to module 3
2026-02-12 10:59:27 INFO :  . adding L1_UnpairedBunchBptxPlus (482) to module 4
2026-02-12 10:59:27 INFO : |-----------------------------------------------------------------------------|
2026-02-12 10:59:27 INFO : |                                                                             |
2026-02-12 10:59:27 INFO : | Detailed distribition on 6 modules, shadow ratio: 0.0                       |
2026-02-12 10:59:27 INFO : |                                                                             |
2026-02-12 10:59:27 INFO : |------------|----------------------------------------------------------------|
2026-02-12 10:59:27 INFO : | Module     | Algorithm                                                      |
2026-02-12 10:59:27 INFO : | ID | Index | Index | Name                                                   |
2026-02-12 10:59:27 INFO : |----|-------|-------|--------------------------------------------------------|
2026-02-12 10:59:27 INFO : |  0 |     0 |   351 | L1_DoubleJet45_Mass_Min550_IsoTau45er2p1_RmOvlp...     |
2026-02-12 10:59:27 INFO : |  0 |     1 |   354 | L1_DoubleJet45_Mass_Min800_IsoTau45er2p1_RmOvlp...     |
2026-02-12 10:59:27 INFO : |  0 |     2 |   155 | L1_DoubleMu0_dR_Max1p6_Jet90er2p5_dR_Max0p8            |
2026-02-12 10:59:27 INFO : |  0 |     3 |   139 | L1_DoubleJet16er2p5_Mu3_dR_Max0p4                      |
2026-02-12 10:59:27 INFO : |  0 |     4 |   138 | L1_Mu3_Jet16er2p5_dR_Max0p4                            |
2026-02-12 10:59:27 INFO : |  0 |     5 |   220 | L1_DoubleEG15_11_er1p2_dR_Max0p6                       |
2026-02-12 10:59:27 INFO : |  0 |     6 |   284 | L1_QuadJet20er2p5                                      |
2026-02-12 10:59:27 INFO : |  0 |     7 |   277 | L1_DoubleTau_Iso34_Iso23_er2p1_Jet55_RmOvlp_dR0p5      |
2026-02-12 10:59:27 INFO : |  0 |     8 |   110 | L1_TripleMu_3SQ_2p5SQ_0_OS_Mass_Max12                  |
2026-02-12 10:59:27 INFO : |  0 |     9 |   224 | L1_DoubleEG16_er1p5_dEta_Max1p5                        |
2026-02-12 10:59:27 INFO : |  0 |    10 |    87 | L1_DoubleMu0er2p0_SQ_OS_dEta_Max0p3_dPhi_0p8to1p2      |
2026-02-12 10:59:27 INFO : |  0 |    11 |    85 | L1_DoubleMu0er1p4_SQ_OS_dEta_Max1p2                    |
2026-02-12 10:59:27 INFO : |  0 |    12 |    78 | L1_DoubleMu0er2p0_SQ_OS_dEta_Max1p5                    |
2026-02-12 10:59:27 INFO : |  0 |    13 |    75 | L1_DoubleMu0er2p0_SQ_dEta_Max1p6                       |
2026-02-12 10:59:27 INFO : |  0 |    14 |   375 | L1_TripleJet_100_80_70_DoubleJet_80_70_er2p5           |
2026-02-12 10:59:27 INFO : |  0 |    15 |   376 | L1_TripleJet_105_85_75_DoubleJet_85_75_er2p5           |
2026-02-12 10:59:27 INFO : |  0 |    16 |   234 | L1_DoubleEG_LooseIso16_LooseIso12_er1p5                |
2026-02-12 10:59:27 INFO : |  0 |    17 |   235 | L1_DoubleEG_LooseIso18_LooseIso12_er1p5                |
2026-02-12 10:59:27 INFO : |  0 |    18 |   237 | L1_DoubleEG_LooseIso22_LooseIso12_er1p5                |
2026-02-12 10:59:27 INFO : |  0 |    19 |   267 | L1_DoubleIsoTau28er2p1                                 |
2026-02-12 10:59:27 INFO : |  0 |    20 |   270 | L1_DoubleIsoTau34er2p1                                 |
2026-02-12 10:59:27 INFO : |  0 |    21 |   239 | L1_DoubleLooseIsoEG22er2p1                             |
2026-02-12 10:59:27 INFO : |  0 |    22 |   197 | L1_SingleLooseIsoEG28_FWD2p5                           |
2026-02-12 10:59:27 INFO : |  0 |    23 |   233 | L1_DoubleEG_LooseIso25_12_er2p5                        |
2026-02-12 10:59:27 INFO : |  0 |    24 |   470 | L1_DoubleEG2er2p13                                     |
2026-02-12 10:59:27 INFO : |  0 |    25 |   486 | L1_FirstBunchInTrain                                   |
2026-02-12 10:59:27 INFO : |  0 |    26 |   464 | L1_DoubleEG2er2p13_BptxAND                             |
2026-02-12 10:59:27 INFO : |  0 |    27 |   460 | L1_SingleEG7                                           |
2026-02-12 10:59:27 INFO : |  0 |    28 |   476 | L1_MinimumBiasHF0                                      |
2026-02-12 10:59:27 INFO : |  0 |    29 |   448 | L1_SingleJet24_BptxAND                                 |
2026-02-12 10:59:27 INFO : |  0 |    30 |   465 | L1_DoubleEG3_BptxAND                                   |
2026-02-12 10:59:27 INFO : |  0 |    31 |   458 | L1_SingleEG7_BptxAND                                   |
2026-02-12 10:59:27 INFO : |  0 |    32 |   453 | L1_SingleJet24er1p3_BptxAND                            |
2026-02-12 10:59:27 INFO : |  0 |    33 |   475 | L1_MinimumBiasHF0_AND_BptxAND                          |
2026-02-12 10:59:27 INFO : |  0 |    34 |   487 | L1_SecondBunchInTrain                                  |
2026-02-12 10:59:27 INFO : |  0 |    35 |     4 | L1_SingleMuOpen                                        |
2026-02-12 10:59:27 INFO : |  0 |    36 |   466 | L1_DoubleEG3er2p13_BptxAND                             |
2026-02-12 10:59:27 INFO : |  0 |    37 |    19 | L1_SingleMu3                                           |
2026-02-12 10:59:27 INFO : |  0 |    38 |   293 | L1_SingleJet30er2p5_NotBptxOR                          |
2026-02-12 10:59:27 INFO : |  0 |    39 |   446 | L1_SingleJet16_BptxAND                                 |
2026-02-12 10:59:27 INFO : |  0 |    40 |   467 | L1_DoubleEG4_BptxAND                                   |
2026-02-12 10:59:27 INFO : |  0 |    41 |   473 | L1_ZeroBias                                            |
2026-02-12 10:59:27 INFO : |  0 |    42 |   451 | L1_SingleJet16er1p3_BptxAND                            |
2026-02-12 10:59:27 INFO : |  0 |    43 |   488 | L1_SecondLastBunchInTrain                              |
2026-02-12 10:59:27 INFO : |  0 |    44 |   468 | L1_DoubleEG4er2p13_BptxAND                             |
2026-02-12 10:59:27 INFO : |  0 |    45 |   137 | L1_Mu3_Jet30er2p5                                      |
2026-02-12 10:59:27 INFO : |  0 |    46 |   474 | L1_ZeroBias_copy                                       |
2026-02-12 10:59:27 INFO : |  0 |    47 |   454 | L1_SingleJet8                                          |
2026-02-12 10:59:27 INFO : |  0 |    48 |   436 | L1_SingleMuOpen_NotBptxOR                              |
2026-02-12 10:59:27 INFO : |  0 |    49 |   444 | L1_SingleJet8_BptxAND                                  |
2026-02-12 10:59:27 INFO : |  0 |    50 |   455 | L1_SingleJet8er1p3                                     |
2026-02-12 10:59:27 INFO : |  0 |    51 |   478 | L1_BptxOR                                              |
2026-02-12 10:59:27 INFO : |  0 |    52 |   484 | L1_IsolatedBunch                                       |
2026-02-12 10:59:27 INFO : |  0 |    53 |   477 | L1_NotBptxOR                                           |
2026-02-12 10:59:27 INFO : |  0 |    54 |   438 | L1_SingleMuOpen_er1p1_NotBptxOR_3BX                    |
2026-02-12 10:59:27 INFO : |  0 |    55 |   449 | L1_SingleJet8er1p3_BptxAND                             |
2026-02-12 10:59:27 INFO : |  0 |    56 |   447 | L1_SingleJet20_BptxAND                                 |
2026-02-12 10:59:27 INFO : |  0 |    57 |   489 | L1_LastBunchInTrain                                    |
2026-02-12 10:59:27 INFO : |  0 |    58 |   441 | L1_SingleJet43er2p5_NotBptxOR_3BX                      |
2026-02-12 10:59:27 INFO : |  0 |    59 |   452 | L1_SingleJet20er1p3_BptxAND                            |
2026-02-12 10:59:27 INFO : |  0 |    60 |   437 | L1_SingleMuOpen_er1p4_NotBptxOR_3BX                    |
2026-02-12 10:59:27 INFO : |  0 |    61 |   459 | L1_SingleEG5                                           |
2026-02-12 10:59:27 INFO : |  0 |    62 |   295 | L1_SingleJet20er1p3_NotBptxOR                          |
2026-02-12 10:59:27 INFO : |  0 |    63 |   442 | L1_SingleJet46er2p5_NotBptxOR_3BX                      |
2026-02-12 10:59:27 INFO : |  0 |    64 |   294 | L1_SingleJet20er1p3to2p5_NotBptxOR                     |
2026-02-12 10:59:27 INFO : |  0 |    65 |   445 | L1_SingleJet12_BptxAND                                 |
2026-02-12 10:59:27 INFO : |  0 |    66 |   469 | L1_DoubleEG2                                           |
2026-02-12 10:59:27 INFO : |  0 |    67 |   457 | L1_SingleEG5_BptxAND                                   |
2026-02-12 10:59:27 INFO : |  0 |    68 |   439 | L1_SingleJet20er2p5_NotBptxOR                          |
2026-02-12 10:59:27 INFO : |  0 |    69 |   490 | L1_FirstBunchAfterTrain                                |
2026-02-12 10:59:27 INFO : |  0 |    70 |   472 | L1_AlwaysTrue                                          |
2026-02-12 10:59:27 INFO : |  0 |    71 |   450 | L1_SingleJet12er1p3_BptxAND                            |
2026-02-12 10:59:27 INFO : |  0 |    72 |   463 | L1_DoubleEG2_BptxAND                                   |
2026-02-12 10:59:27 INFO : |  0 |    73 |   485 | L1_FirstBunchBeforeTrain                               |
2026-02-12 10:59:27 INFO : |  0 |    74 |   440 | L1_SingleJet20er2p5_NotBptxOR_3BX                      |
2026-02-12 10:59:27 INFO : |  0 |    75 |   432 | L1_CICADA_VTight                                       |
2026-02-12 10:59:27 INFO : |  0 |    76 |   399 | L1_ETM150                                              |
2026-02-12 10:59:27 INFO : |  0 |    77 |   417 | L1_HTMHF120                                            |
2026-02-12 10:59:27 INFO : |  0 |    78 |   391 | L1_HTT255er                                            |
2026-02-12 10:59:27 INFO : |  0 |    79 |   498 | L1_BPTX_AND_Ref1_VME                                   |
2026-02-12 10:59:27 INFO : |  0 |    80 |   501 | L1_BPTX_BeamGas_Ref1_VME                               |
2026-02-12 10:59:27 INFO : |  0 |    81 |   497 | L1_BPTX_RefAND_VME                                     |
2026-02-12 10:59:27 INFO : |  0 |    82 |   507 | L1_HCAL_LaserMon_Veto                                  |
2026-02-12 10:59:27 INFO : |  0 |    83 |   508 | L1_TOTEM_1                                             |
2026-02-12 10:59:27 INFO : |  0 |    84 |   121 | L1_TwoMuShower_Loose                                   |
2026-02-12 10:59:27 INFO : |  1 |     0 |   360 | L1_DoubleJet45_Mass_Min550_LooseIsoEG20er2p1_Rm...     |
2026-02-12 10:59:27 INFO : |  1 |     1 |   363 | L1_DoubleJet45_Mass_Min800_LooseIsoEG20er2p1_Rm...     |
2026-02-12 10:59:27 INFO : |  1 |     2 |   153 | L1_Mu10er2p3_Jet32er2p3_dR_Max0p4_DoubleJet32er...     |
2026-02-12 10:59:27 INFO : |  1 |     3 |   154 | L1_Mu12er2p3_Jet40er2p3_dR_Max0p4_DoubleJet40er...     |
2026-02-12 10:59:27 INFO : |  1 |     4 |   144 | L1_DoubleJet120er2p5_Mu3_dR_Max0p8                     |
2026-02-12 10:59:27 INFO : |  1 |     5 |   338 | L1_DoubleJet120er2p5                                   |
2026-02-12 10:59:27 INFO : |  1 |     6 |   145 | L1_Mu3_Jet120er2p5_dR_Max0p4                           |
2026-02-12 10:59:27 INFO : |  1 |     7 |   377 | L1_QuadJet_95_75_65_20_DoubleJet_75_65_er2p5_Je...     |
2026-02-12 10:59:27 INFO : |  1 |     8 |   374 | L1_TripleJet_95_75_65_DoubleJet_75_65_er2p5            |
2026-02-12 10:59:27 INFO : |  1 |     9 |   221 | L1_DoubleEG16_11_er1p2_dR_Max0p6                       |
2026-02-12 10:59:27 INFO : |  1 |    10 |   285 | L1_QuadJet24er2p5                                      |
2026-02-12 10:59:27 INFO : |  1 |    11 |   278 | L1_DoubleTau_Iso34_Iso23_er2p1_Jet70_RmOvlp_dR0p5      |
2026-02-12 10:59:27 INFO : |  1 |    12 |   111 | L1_TripleMu_4SQ_2p5SQ_0_OS_Mass_Max12                  |
2026-02-12 10:59:27 INFO : |  1 |    13 |   340 | L1_DoubleJet100er2p3_dEta_Max1p6                       |
2026-02-12 10:59:27 INFO : |  1 |    14 |   341 | L1_DoubleJet112er2p3_dEta_Max1p6                       |
2026-02-12 10:59:27 INFO : |  1 |    15 |   159 | L1_DoubleMu3_SQ_ETMHF30_Jet60er2p5_OR_DoubleJet...     |
2026-02-12 10:59:27 INFO : |  1 |    16 |   333 | L1_ETMHF50                                             |
2026-02-12 10:59:27 INFO : |  1 |    17 |   297 | L1_SingleJet60er1p3                                    |
2026-02-12 10:59:27 INFO : |  1 |    18 |   400 | L1_ETMHF70                                             |
2026-02-12 10:59:27 INFO : |  1 |    19 |   298 | L1_SingleJet60er1p3to2p5                               |
2026-02-12 10:59:27 INFO : |  1 |    20 |   409 | L1_ETMHF70_HTT60er                                     |
2026-02-12 10:59:27 INFO : |  1 |    21 |   299 | L1_SingleJet60er2p5to3p0                               |
2026-02-12 10:59:27 INFO : |  1 |    22 |   401 | L1_ETMHF80                                             |
2026-02-12 10:59:27 INFO : |  1 |    23 |   403 | L1_ETMHF100                                            |
2026-02-12 10:59:27 INFO : |  1 |    24 |   300 | L1_SingleJet60er3p0to5p0                               |
2026-02-12 10:59:27 INFO : |  1 |    25 |   156 | L1_DoubleMu3_SQ_ETMHF30_HTT60er                        |
2026-02-12 10:59:27 INFO : |  1 |    26 |   410 | L1_ETMHF80_HTT60er                                     |
2026-02-12 10:59:27 INFO : |  1 |    27 |   412 | L1_ETMHF100_HTT60er                                    |
2026-02-12 10:59:27 INFO : |  1 |    28 |   328 | L1_ETMHF80_SingleJet55er2p5_dPhi_Min2p1                |
2026-02-12 10:59:27 INFO : |  1 |    29 |   404 | L1_ETMHF110                                            |
2026-02-12 10:59:27 INFO : |  1 |    30 |   157 | L1_DoubleMu3_SQ_ETMHF40_HTT60er                        |
2026-02-12 10:59:27 INFO : |  1 |    31 |   329 | L1_ETMHF80_SingleJet55er2p5_dPhi_Min2p6                |
2026-02-12 10:59:27 INFO : |  1 |    32 |   413 | L1_ETMHF110_HTT60er                                    |
2026-02-12 10:59:27 INFO : |  1 |    33 |   146 | L1_Mu3er1p5_Jet100er2p5_ETMHF30                        |
2026-02-12 10:59:27 INFO : |  1 |    34 |   160 | L1_DoubleMu3_SQ_ETMHF40_Jet60er2p5_OR_DoubleJet...     |
2026-02-12 10:59:27 INFO : |  1 |    35 |   402 | L1_ETMHF90                                             |
2026-02-12 10:59:27 INFO : |  1 |    36 |   405 | L1_ETMHF120                                            |
2026-02-12 10:59:27 INFO : |  1 |    37 |   147 | L1_Mu3er1p5_Jet100er2p5_ETMHF40                        |
2026-02-12 10:59:27 INFO : |  1 |    38 |   158 | L1_DoubleMu3_SQ_ETMHF50_HTT60er                        |
2026-02-12 10:59:27 INFO : |  1 |    39 |   411 | L1_ETMHF90_HTT60er                                     |
2026-02-12 10:59:27 INFO : |  1 |    40 |   414 | L1_ETMHF120_HTT60er                                    |
2026-02-12 10:59:27 INFO : |  1 |    41 |   148 | L1_Mu3er1p5_Jet100er2p5_ETMHF50                        |
2026-02-12 10:59:27 INFO : |  1 |    42 |   162 | L1_DoubleMu3_SQ_ETMHF50_Jet60er2p5                     |
2026-02-12 10:59:27 INFO : |  1 |    43 |   330 | L1_ETMHF90_SingleJet60er2p5_dPhi_Min2p1                |
2026-02-12 10:59:27 INFO : |  1 |    44 |   406 | L1_ETMHF130                                            |
2026-02-12 10:59:27 INFO : |  1 |    45 |   161 | L1_DoubleMu3_SQ_ETMHF50_Jet60er2p5_OR_DoubleJet...     |
2026-02-12 10:59:27 INFO : |  1 |    46 |   331 | L1_ETMHF90_SingleJet60er2p5_dPhi_Min2p6                |
2026-02-12 10:59:27 INFO : |  1 |    47 |   415 | L1_ETMHF130_HTT60er                                    |
2026-02-12 10:59:27 INFO : |  1 |    48 |   163 | L1_DoubleMu3_SQ_ETMHF60_Jet60er2p5                     |
2026-02-12 10:59:27 INFO : |  1 |    49 |   164 | L1_DoubleMu3_SQ_HTT220er                               |
2026-02-12 10:59:27 INFO : |  1 |    50 |   336 | L1_DoubleJet40er2p5                                    |
2026-02-12 10:59:27 INFO : |  1 |    51 |   301 | L1_SingleJet60                                         |
2026-02-12 10:59:27 INFO : |  1 |    52 |   332 | L1_ETMHF40                                             |
2026-02-12 10:59:27 INFO : |  1 |    53 |   231 | L1_DoubleEG_27_14_er2p5                                |
2026-02-12 10:59:27 INFO : |  1 |    54 |    74 | L1_DoubleMu0_Upt15_Upt7                                |
2026-02-12 10:59:27 INFO : |  1 |    55 |    71 | L1_DoubleMu0_Upt7_SQ_er2p0                             |
2026-02-12 10:59:27 INFO : |  1 |    56 |   180 | L1_SingleEG28_FWD2p5                                   |
2026-02-12 10:59:27 INFO : |  1 |    57 |   313 | L1_SingleJet35_FWD2p5                                  |
2026-02-12 10:59:27 INFO : |  1 |    58 |   286 | L1_Mu22er2p1_IsoTau30er2p1                             |
2026-02-12 10:59:27 INFO : |  1 |    59 |   287 | L1_Mu22er2p1_IsoTau32er2p1                             |
2026-02-12 10:59:27 INFO : |  1 |    60 |   288 | L1_Mu22er2p1_IsoTau34er2p1                             |
2026-02-12 10:59:27 INFO : |  1 |    61 |   290 | L1_Mu22er2p1_IsoTau40er2p1                             |
2026-02-12 10:59:27 INFO : |  1 |    62 |   291 | L1_Mu22er2p1_Tau70er2p1                                |
2026-02-12 10:59:27 INFO : |  1 |    63 |   319 | L1_SingleJet8erHE                                      |
2026-02-12 10:59:27 INFO : |  1 |    64 |    18 | L1_SingleMu0_Upt10_EMTF                                |
2026-02-12 10:59:27 INFO : |  1 |    65 |    99 | L1_TripleMu0                                           |
2026-02-12 10:59:27 INFO : |  1 |    66 |   101 | L1_TripleMu3                                           |
2026-02-12 10:59:27 INFO : |  1 |    67 |   107 | L1_TripleMu_5_3_3                                      |
2026-02-12 10:59:27 INFO : |  1 |    68 |   203 | L1_SingleIsoEG24er2p1                                  |
2026-02-12 10:59:27 INFO : |  1 |    69 |   212 | L1_SingleIsoEG28er1p5                                  |
2026-02-12 10:59:27 INFO : |  1 |    70 |   213 | L1_SingleIsoEG30er2p5                                  |
2026-02-12 10:59:27 INFO : |  1 |    71 |   217 | L1_SingleIsoEG34er2p5                                  |
2026-02-12 10:59:27 INFO : |  1 |    72 |   199 | L1_SingleLooseIsoEG28er2p1                             |
2026-02-12 10:59:27 INFO : |  1 |    73 |    10 | L1_SingleMu0_OMTF                                      |
2026-02-12 10:59:27 INFO : |  1 |    74 |    44 | L1_SingleMu22_OMTF                                     |
2026-02-12 10:59:27 INFO : |  1 |    75 |   171 | L1_SingleEG18er2p5                                     |
2026-02-12 10:59:27 INFO : |  1 |    76 |   184 | L1_SingleEG34er2p5                                     |
2026-02-12 10:59:27 INFO : |  1 |    77 |   188 | L1_SingleEG42er2p5                                     |
2026-02-12 10:59:27 INFO : |  1 |    78 |   173 | L1_SingleEG8er2p5                                      |
2026-02-12 10:59:27 INFO : |  1 |    79 |   311 | L1_SingleJet160er2p5                                   |
2026-02-12 10:59:27 INFO : |  1 |    80 |   456 | L1_SingleJet8er2p13                                    |
2026-02-12 10:59:27 INFO : |  1 |    81 |     2 | L1_SingleMuCosmics_OMTF                                |
2026-02-12 10:59:27 INFO : |  1 |    82 |    92 | L1_DoubleMu4p5_SQ_OS                                   |
2026-02-12 10:59:27 INFO : |  1 |    83 |    62 | L1_DoubleMu9_SQ                                        |
2026-02-12 10:59:27 INFO : |  1 |    84 |     9 | L1_SingleMu0_BMTF                                      |
2026-02-12 10:59:27 INFO : |  1 |    85 |    31 | L1_SingleMu11_SQ14_BMTF                                |
2026-02-12 10:59:27 INFO : |  1 |    86 |    46 | L1_SingleMu22_BMTF_POS                                 |
2026-02-12 10:59:27 INFO : |  1 |    87 |    24 | L1_SingleMu5_BMTF                                      |
2026-02-12 10:59:27 INFO : |  1 |    88 |    29 | L1_SingleMu9_SQ14_BMTF                                 |
2026-02-12 10:59:27 INFO : |  1 |    89 |     1 | L1_SingleMuCosmics_BMTF                                |
2026-02-12 10:59:27 INFO : |  1 |    90 |   191 | L1_SingleEG60                                          |
2026-02-12 10:59:27 INFO : |  1 |    91 |   296 | L1_SingleJet35                                         |
2026-02-12 10:59:27 INFO : |  1 |    92 |    38 | L1_SingleMu18                                          |
2026-02-12 10:59:27 INFO : |  1 |    93 |    21 | L1_SingleMu7_DQ                                        |
2026-02-12 10:59:27 INFO : |  1 |    94 |   422 | L1_AXO_Loose                                           |
2026-02-12 10:59:27 INFO : |  1 |    95 |   423 | L1_AXO_Medium                                          |
2026-02-12 10:59:27 INFO : |  1 |    96 |   424 | L1_AXO_Tight                                           |
2026-02-12 10:59:27 INFO : |  1 |    97 |   421 | L1_AXO_VLoose                                          |
2026-02-12 10:59:27 INFO : |  1 |    98 |   425 | L1_AXO_VTight                                          |
2026-02-12 10:59:27 INFO : |  1 |    99 |   426 | L1_AXO_VVTight                                         |
2026-02-12 10:59:27 INFO : |  1 |   100 |   427 | L1_AXO_VVVTight                                        |
2026-02-12 10:59:27 INFO : |  2 |     0 |   352 | L1_DoubleJet45_Mass_Min600_IsoTau45er2p1_RmOvlp...     |
2026-02-12 10:59:27 INFO : |  2 |     1 |   257 | L1_LooseIsoEG22er2p1_IsoTau26er2p1_dR_Min0p3           |
2026-02-12 10:59:27 INFO : |  2 |     2 |   142 | L1_DoubleJet60er2p5_Mu3_dR_Max0p4                      |
2026-02-12 10:59:27 INFO : |  2 |     3 |   141 | L1_Mu3_Jet60er2p5_dR_Max0p4                            |
2026-02-12 10:59:27 INFO : |  2 |     4 |   384 | L1_HTT280er_QuadJet_70_55_40_35_er2p5                  |
2026-02-12 10:59:27 INFO : |  2 |     5 |   249 | L1_DoubleEG8er2p5_HTT300er                             |
2026-02-12 10:59:27 INFO : |  2 |     6 |   386 | L1_HTT320er_QuadJet_80_60_er2p1_45_40_er2p3            |
2026-02-12 10:59:27 INFO : |  2 |     7 |   393 | L1_HTT320er                                            |
2026-02-12 10:59:27 INFO : |  2 |     8 |   250 | L1_DoubleEG8er2p5_HTT320er                             |
2026-02-12 10:59:27 INFO : |  2 |     9 |   392 | L1_HTT280er                                            |
2026-02-12 10:59:27 INFO : |  2 |    10 |   385 | L1_HTT320er_QuadJet_70_55_40_40_er2p5                  |
2026-02-12 10:59:27 INFO : |  2 |    11 |   387 | L1_HTT320er_QuadJet_80_60_er2p1_50_45_er2p3            |
2026-02-12 10:59:27 INFO : |  2 |    12 |   248 | L1_DoubleEG8er2p5_HTT280er                             |
2026-02-12 10:59:27 INFO : |  2 |    13 |   276 | L1_DoubleTau_Iso34_Iso26_er2p1_Jet70_RmOvlp_dR0p5      |
2026-02-12 10:59:27 INFO : |  2 |    14 |   218 | L1_IsoEG32er2p5_Mt40                                   |
2026-02-12 10:59:27 INFO : |  2 |    15 |   223 | L1_DoubleEG15_er1p5_dEta_Max1p5                        |
2026-02-12 10:59:27 INFO : |  2 |    16 |    86 | L1_DoubleMu0er1p4_OQ_OS_dEta_Max1p6                    |
2026-02-12 10:59:27 INFO : |  2 |    17 |   129 | L1_Mu6_DoubleEG10er2p5                                 |
2026-02-12 10:59:27 INFO : |  2 |    18 |   132 | L1_Mu6_DoubleEG17er2p5                                 |
2026-02-12 10:59:27 INFO : |  2 |    19 |   149 | L1_Mu6_HTT240er                                        |
2026-02-12 10:59:27 INFO : |  2 |    20 |   130 | L1_Mu6_DoubleEG12er2p5                                 |
2026-02-12 10:59:27 INFO : |  2 |    21 |   150 | L1_Mu6_HTT250er                                        |
2026-02-12 10:59:27 INFO : |  2 |    22 |   383 | L1_HTT240_SingleLLPJet70                               |
2026-02-12 10:59:27 INFO : |  2 |    23 |   131 | L1_Mu6_DoubleEG15er2p5                                 |
2026-02-12 10:59:27 INFO : |  2 |    24 |   207 | L1_SingleIsoEG28er1p3to2p5                             |
2026-02-12 10:59:27 INFO : |  2 |    25 |   208 | L1_SingleIsoEG28er2p5to3p0                             |
2026-02-12 10:59:27 INFO : |  2 |    26 |   194 | L1_SingleLooseIsoEG28er1p3                             |
2026-02-12 10:59:27 INFO : |  2 |    27 |   177 | L1_SingleEG28er1p3                                     |
2026-02-12 10:59:27 INFO : |  2 |    28 |   206 | L1_SingleIsoEG28er1p3                                  |
2026-02-12 10:59:27 INFO : |  2 |    29 |   198 | L1_SingleLooseIsoEG28er2p5                             |
2026-02-12 10:59:27 INFO : |  2 |    30 |   181 | L1_SingleEG28er2p5                                     |
2026-02-12 10:59:27 INFO : |  2 |    31 |   210 | L1_SingleIsoEG28er2p5                                  |
2026-02-12 10:59:27 INFO : |  2 |    32 |   195 | L1_SingleLooseIsoEG28er1p3to2p5                        |
2026-02-12 10:59:27 INFO : |  2 |    33 |   178 | L1_SingleEG28er1p3to2p5                                |
2026-02-12 10:59:27 INFO : |  2 |    34 |   196 | L1_SingleLooseIsoEG28er2p5to3p0                        |
2026-02-12 10:59:27 INFO : |  2 |    35 |   179 | L1_SingleEG28er2p5to3p0                                |
2026-02-12 10:59:27 INFO : |  2 |    36 |   317 | L1_SingleJet35_FWD3p0                                  |
2026-02-12 10:59:27 INFO : |  2 |    37 |   133 | L1_DoubleMu4_SQ_EG9er2p5                               |
2026-02-12 10:59:27 INFO : |  2 |    38 |   134 | L1_DoubleMu5_SQ_EG9er2p5                               |
2026-02-12 10:59:27 INFO : |  2 |    39 |    80 | L1_DoubleMu0er1p5_SQ_OS                                |
2026-02-12 10:59:27 INFO : |  2 |    40 |    79 | L1_DoubleMu0er1p5_SQ                                   |
2026-02-12 10:59:27 INFO : |  2 |    41 |   320 | L1_SingleJet10erHE                                     |
2026-02-12 10:59:27 INFO : |  2 |    42 |   125 | L1_Mu20_EG10er2p5                                      |
2026-02-12 10:59:27 INFO : |  2 |    43 |   174 | L1_SingleEG10er2p5                                     |
2026-02-12 10:59:27 INFO : |  2 |    44 |    39 | L1_SingleMu20                                          |
2026-02-12 10:59:27 INFO : |  2 |    45 |   100 | L1_TripleMu0_SQ                                        |
2026-02-12 10:59:27 INFO : |  2 |    46 |   103 | L1_TripleMu_3SQ_2p5SQ_0                                |
2026-02-12 10:59:27 INFO : |  2 |    47 |   241 | L1_LooseIsoEG14er2p5_HTT200er                          |
2026-02-12 10:59:27 INFO : |  2 |    48 |   242 | L1_LooseIsoEG16er2p5_HTT200er                          |
2026-02-12 10:59:27 INFO : |  2 |    49 |   382 | L1_HTT200_SingleLLPJet60                               |
2026-02-12 10:59:27 INFO : |  2 |    50 |   390 | L1_HTT200er                                            |
2026-02-12 10:59:27 INFO : |  2 |    51 |   192 | L1_SingleLooseIsoEG26er2p5                             |
2026-02-12 10:59:27 INFO : |  2 |    52 |   201 | L1_SingleLooseIsoEG30er2p5                             |
2026-02-12 10:59:27 INFO : |  2 |    53 |    35 | L1_SingleMu12_DQ_OMTF                                  |
2026-02-12 10:59:27 INFO : |  2 |    54 |     6 | L1_SingleMuOpen_OMTF                                   |
2026-02-12 10:59:27 INFO : |  2 |    55 |   183 | L1_SingleEG28er1p5                                     |
2026-02-12 10:59:27 INFO : |  2 |    56 |   186 | L1_SingleEG38er2p5                                     |
2026-02-12 10:59:27 INFO : |  2 |    57 |   461 | L1_SingleEG5er1p52                                     |
2026-02-12 10:59:27 INFO : |  2 |    58 |   309 | L1_SingleJet120er2p5                                   |
2026-02-12 10:59:27 INFO : |  2 |    59 |   306 | L1_SingleJet35er1p3                                    |
2026-02-12 10:59:27 INFO : |  2 |    60 |    54 | L1_SingleMu0_Upt20_SQ14_BMTF                           |
2026-02-12 10:59:27 INFO : |  2 |    61 |    59 | L1_DoubleMu0_SQ_OS                                     |
2026-02-12 10:59:27 INFO : |  2 |    62 |    58 | L1_DoubleMu0_SQ                                        |
2026-02-12 10:59:27 INFO : |  2 |    63 |    65 | L1_DoubleMu_15_7                                       |
2026-02-12 10:59:27 INFO : |  2 |    64 |    14 | L1_SingleMu0_SQ15_BMTF                                 |
2026-02-12 10:59:27 INFO : |  2 |    65 |    43 | L1_SingleMu22_BMTF                                     |
2026-02-12 10:59:27 INFO : |  2 |    66 |    49 | L1_SingleMu22_OMTF_NEG                                 |
2026-02-12 10:59:27 INFO : |  2 |    67 |    27 | L1_SingleMu7_SQ14_BMTF                                 |
2026-02-12 10:59:27 INFO : |  2 |    68 |   381 | L1_HTT160_SingleLLPJet50                               |
2026-02-12 10:59:27 INFO : |  2 |    69 |   389 | L1_HTT160er                                            |
2026-02-12 10:59:27 INFO : |  2 |    70 |   304 | L1_SingleJet180                                        |
2026-02-12 10:59:27 INFO : |  2 |    71 |    23 | L1_SingleMu12_DQ                                       |
2026-02-12 10:59:27 INFO : |  2 |    72 |    40 | L1_SingleMu22_OQ                                       |
2026-02-12 10:59:27 INFO : |  2 |    73 |   430 | L1_CICADA_Medium                                       |
2026-02-12 10:59:27 INFO : |  2 |    74 |   431 | L1_CICADA_Tight                                        |
2026-02-12 10:59:27 INFO : |  2 |    75 |   435 | L1_CICADA_VVVVTight                                    |
2026-02-12 10:59:27 INFO : |  2 |    76 |   397 | L1_ETT2000                                             |
2026-02-12 10:59:27 INFO : |  2 |    77 |   420 | L1_HTMHF150                                            |
2026-02-12 10:59:27 INFO : |  2 |    78 |   396 | L1_HTT450er                                            |
2026-02-12 10:59:27 INFO : |  2 |    79 |   503 | L1_BPTX_BeamGas_B1_VME                                 |
2026-02-12 10:59:27 INFO : |  2 |    80 |   495 | L1_BPTX_OR_Ref3_VME                                    |
2026-02-12 10:59:27 INFO : |  2 |    81 |   492 | L1_FirstCollisionInTrain                               |
2026-02-12 10:59:27 INFO : |  2 |    82 |   119 | L1_SingleMuShower_Nominal                              |
2026-02-12 10:59:27 INFO : |  2 |    83 |   510 | L1_TOTEM_3                                             |
2026-02-12 10:59:27 INFO : |  3 |     0 |   355 | L1_DoubleJet_65_35_DoubleJet35_Mass_Min600_Doub...     |
2026-02-12 10:59:27 INFO : |  3 |     1 |   356 | L1_DoubleJet_65_35_DoubleJet35_Mass_Min650_Doub...     |
2026-02-12 10:59:27 INFO : |  3 |     2 |   357 | L1_DoubleJet_65_35_DoubleJet35_Mass_Min750_Doub...     |
2026-02-12 10:59:27 INFO : |  3 |     3 |   358 | L1_DoubleJet_65_35_DoubleJet35_Mass_Min850_Doub...     |
2026-02-12 10:59:27 INFO : |  3 |     4 |   359 | L1_DoubleJet_65_35_DoubleJet35_Mass_Min950_Doub...     |
2026-02-12 10:59:27 INFO : |  3 |     5 |   362 | L1_DoubleJet45_Mass_Min700_LooseIsoEG20er2p1_Rm...     |
2026-02-12 10:59:27 INFO : |  3 |     6 |   135 | L1_DoubleMu3_OS_er2p3_Mass_Max14_DoubleEG7p5_er...     |
2026-02-12 10:59:27 INFO : |  3 |     7 |   136 | L1_DoubleMu5_OS_er2p3_Mass_8to14_DoubleEG3er2p1...     |
2026-02-12 10:59:27 INFO : |  3 |     8 |   342 | L1_DoubleJet30er2p5_Mass_Min225_dEta_Max1p5            |
2026-02-12 10:59:27 INFO : |  3 |     9 |   343 | L1_DoubleJet30er2p5_Mass_Min250_dEta_Max1p5            |
2026-02-12 10:59:27 INFO : |  3 |    10 |   344 | L1_DoubleJet30er2p5_Mass_Min300_dEta_Max1p5            |
2026-02-12 10:59:27 INFO : |  3 |    11 |   345 | L1_DoubleJet30er2p5_Mass_Min330_dEta_Max1p5            |
2026-02-12 10:59:27 INFO : |  3 |    12 |   364 | L1_DoubleJet_85_35_DoubleJet35_Mass_Min600_Mu3OQ       |
2026-02-12 10:59:27 INFO : |  3 |    13 |   365 | L1_DoubleJet_85_35_DoubleJet35_Mass_Min650_Mu3OQ       |
2026-02-12 10:59:27 INFO : |  3 |    14 |   366 | L1_DoubleJet_85_35_DoubleJet35_Mass_Min700_Mu3OQ       |
2026-02-12 10:59:27 INFO : |  3 |    15 |   367 | L1_DoubleJet_85_35_DoubleJet35_Mass_Min800_Mu3OQ       |
2026-02-12 10:59:27 INFO : |  3 |    16 |   368 | L1_DoubleJet_85_35_DoubleJet35_Mass_Min900_Mu3OQ       |
2026-02-12 10:59:27 INFO : |  3 |    17 |   369 | L1_DoubleJet_70_35_DoubleJet35_Mass_Min500_ETMHF65     |
2026-02-12 10:59:27 INFO : |  3 |    18 |   370 | L1_DoubleJet_70_35_DoubleJet35_Mass_Min550_ETMHF65     |
2026-02-12 10:59:27 INFO : |  3 |    19 |   371 | L1_DoubleJet_70_35_DoubleJet35_Mass_Min600_ETMHF65     |
2026-02-12 10:59:27 INFO : |  3 |    20 |   372 | L1_DoubleJet_70_35_DoubleJet35_Mass_Min700_ETMHF65     |
2026-02-12 10:59:27 INFO : |  3 |    21 |   373 | L1_DoubleJet_70_35_DoubleJet35_Mass_Min800_ETMHF65     |
2026-02-12 10:59:27 INFO : |  3 |    22 |   348 | L1_DoubleJet_110_35_DoubleJet35_Mass_Min1000           |
2026-02-12 10:59:27 INFO : |  3 |    23 |   349 | L1_DoubleJet_110_35_DoubleJet35_Mass_Min1100           |
2026-02-12 10:59:27 INFO : |  3 |    24 |   350 | L1_DoubleJet_110_35_DoubleJet35_Mass_Min1200           |
2026-02-12 10:59:27 INFO : |  3 |    25 |   346 | L1_DoubleJet_110_35_DoubleJet35_Mass_Min800            |
2026-02-12 10:59:27 INFO : |  3 |    26 |   347 | L1_DoubleJet_110_35_DoubleJet35_Mass_Min850            |
2026-02-12 10:59:27 INFO : |  3 |    27 |   114 | L1_TripleMu_5SQ_3SQ_0OQ_DoubleMu_5_3_SQ_OS_Mass...     |
2026-02-12 10:59:27 INFO : |  3 |    28 |   105 | L1_TripleMu_5SQ_3SQ_0OQ                                |
2026-02-12 10:59:27 INFO : |  3 |    29 |   115 | L1_TripleMu_5SQ_3SQ_0_DoubleMu_5_3_SQ_OS_Mass_Max9     |
2026-02-12 10:59:27 INFO : |  3 |    30 |   112 | L1_TripleMu_5_3p5_2p5_DoubleMu_5_2p5_OS_Mass_5to17     |
2026-02-12 10:59:27 INFO : |  3 |    31 |   106 | L1_TripleMu_5_3p5_2p5                                  |
2026-02-12 10:59:27 INFO : |  3 |    32 |   113 | L1_TripleMu_5_4_2p5_DoubleMu_5_2p5_OS_Mass_5to17       |
2026-02-12 10:59:27 INFO : |  3 |    33 |    96 | L1_DoubleMu4p5er2p0_SQ_OS_Mass_7to18                   |
2026-02-12 10:59:27 INFO : |  3 |    34 |    95 | L1_DoubleMu4p5er2p0_SQ_OS_Mass_Min7                    |
2026-02-12 10:59:27 INFO : |  3 |    35 |    60 | L1_DoubleMu0_Mass_Min1                                 |
2026-02-12 10:59:27 INFO : |  3 |    36 |    67 | L1_DoubleMu_15_7_Mass_Min1                             |
2026-02-12 10:59:27 INFO : |  3 |    37 |    16 | L1_SingleMu0_Upt10_BMTF                                |
2026-02-12 10:59:27 INFO : |  3 |    38 |   263 | L1_SingleTau120er2p1                                   |
2026-02-12 10:59:27 INFO : |  3 |    39 |    57 | L1_DoubleMu0                                           |
2026-02-12 10:59:27 INFO : |  3 |    40 |    63 | L1_DoubleMu_12_5                                       |
2026-02-12 10:59:27 INFO : |  3 |    41 |    12 | L1_SingleMu0_SQ13_BMTF                                 |
2026-02-12 10:59:27 INFO : |  3 |    42 |    34 | L1_SingleMu12_DQ_BMTF                                  |
2026-02-12 10:59:27 INFO : |  3 |    43 |    51 | L1_SingleMu22_EMTF_NEG                                 |
2026-02-12 10:59:27 INFO : |  3 |    44 |    25 | L1_SingleMu5_SQ14_BMTF                                 |
2026-02-12 10:59:27 INFO : |  3 |    45 |     5 | L1_SingleMuOpen_BMTF                                   |
2026-02-12 10:59:27 INFO : |  3 |    46 |   151 | L1_Mu12_HTT150er                                       |
2026-02-12 10:59:27 INFO : |  3 |    47 |   152 | L1_Mu14_HTT150er                                       |
2026-02-12 10:59:27 INFO : |  3 |    48 |   302 | L1_SingleJet90                                         |
2026-02-12 10:59:27 INFO : |  3 |    49 |    42 | L1_SingleMu22                                          |
2026-02-12 10:59:27 INFO : |  3 |    50 |     0 | L1_SingleMuCosmics                                     |
2026-02-12 10:59:27 INFO : |  3 |    51 |   261 | L1_CICADA_Parking2                                     |
2026-02-12 10:59:27 INFO : |  3 |    52 |   433 | L1_CICADA_VVTight                                      |
2026-02-12 10:59:27 INFO : |  3 |    53 |   407 | L1_ETMHF140                                            |
2026-02-12 10:59:27 INFO : |  3 |    54 |   418 | L1_HTMHF125                                            |
2026-02-12 10:59:27 INFO : |  3 |    55 |   394 | L1_HTT360er                                            |
2026-02-12 10:59:27 INFO : |  3 |    56 |   499 | L1_BPTX_AND_Ref3_VME                                   |
2026-02-12 10:59:27 INFO : |  3 |    57 |   502 | L1_BPTX_BeamGas_Ref2_VME                               |
2026-02-12 10:59:27 INFO : |  3 |    58 |   481 | L1_BptxMinus                                           |
2026-02-12 10:59:27 INFO : |  3 |    59 |   480 | L1_BptxPlus                                            |
2026-02-12 10:59:27 INFO : |  3 |    60 |   479 | L1_BptxXOR                                             |
2026-02-12 10:59:27 INFO : |  3 |    61 |   483 | L1_UnpairedBunchBptxMinus                              |
2026-02-12 10:59:27 INFO : |  4 |     0 |   361 | L1_DoubleJet45_Mass_Min600_LooseIsoEG20er2p1_Rm...     |
2026-02-12 10:59:27 INFO : |  4 |     1 |   258 | L1_LooseIsoEG24er2p1_IsoTau27er2p1_dR_Min0p3           |
2026-02-12 10:59:27 INFO : |  4 |     2 |   143 | L1_DoubleJet80er2p5_Mu3_dR_Max0p4                      |
2026-02-12 10:59:27 INFO : |  4 |     3 |   292 | L1_IsoTau52er2p1_QuadJet36er2p5                        |
2026-02-12 10:59:27 INFO : |  4 |     4 |   283 | L1_QuadJet15er2p5                                      |
2026-02-12 10:59:27 INFO : |  4 |     5 |   378 | L1_QuadJet60er2p5                                      |
2026-02-12 10:59:27 INFO : |  4 |     6 |   273 | L1_DoubleTau_Iso34_Iso26_er2p1_Jet55_RmOvlp_dR0p5      |
2026-02-12 10:59:27 INFO : |  4 |     7 |    90 | L1_DoubleMu4_SQ_OS_dR_Max1p2                           |
2026-02-12 10:59:27 INFO : |  4 |     8 |   225 | L1_DoubleEG17_er1p5_dEta_Max1p5                        |
2026-02-12 10:59:27 INFO : |  4 |     9 |    83 | L1_DoubleMu0er1p5_SQ_OS_dEta_Max1p2                    |
2026-02-12 10:59:27 INFO : |  4 |    10 |   236 | L1_DoubleEG_LooseIso20_LooseIso12_er1p5                |
2026-02-12 10:59:27 INFO : |  4 |    11 |   238 | L1_DoubleEG_LooseIso25_LooseIso12_er1p5                |
2026-02-12 10:59:27 INFO : |  4 |    12 |   268 | L1_DoubleIsoTau30er2p1                                 |
2026-02-12 10:59:27 INFO : |  4 |    13 |   271 | L1_DoubleIsoTau35er2p1                                 |
2026-02-12 10:59:27 INFO : |  4 |    14 |   240 | L1_DoubleLooseIsoEG24er2p1                             |
2026-02-12 10:59:27 INFO : |  4 |    15 |   281 | L1_Mu18er2p1_Tau26er2p1_Jet55                          |
2026-02-12 10:59:27 INFO : |  4 |    16 |   279 | L1_Mu18er2p1_Tau24er2p1                                |
2026-02-12 10:59:27 INFO : |  4 |    17 |   280 | L1_Mu18er2p1_Tau26er2p1                                |
2026-02-12 10:59:27 INFO : |  4 |    18 |   282 | L1_Mu18er2p1_Tau26er2p1_Jet70                          |
2026-02-12 10:59:27 INFO : |  4 |    19 |   228 | L1_DoubleEG_22_10_er2p5                                |
2026-02-12 10:59:27 INFO : |  4 |    20 |   230 | L1_DoubleEG_25_14_er2p5                                |
2026-02-12 10:59:27 INFO : |  4 |    21 |   339 | L1_DoubleJet150er2p5                                   |
2026-02-12 10:59:27 INFO : |  4 |    22 |    70 | L1_DoubleMu0_Upt6_SQ_er2p0                             |
2026-02-12 10:59:27 INFO : |  4 |    23 |   266 | L1_DoubleTau70er2p1                                    |
2026-02-12 10:59:27 INFO : |  4 |    24 |   318 | L1_SingleJet120_FWD3p0                                 |
2026-02-12 10:59:27 INFO : |  4 |    25 |   315 | L1_SingleJet90_FWD2p5                                  |
2026-02-12 10:59:27 INFO : |  4 |    26 |   116 | L1_QuadMu0_OQ                                          |
2026-02-12 10:59:27 INFO : |  4 |    27 |   126 | L1_Mu5_LooseIsoEG20er2p5                               |
2026-02-12 10:59:27 INFO : |  4 |    28 |   123 | L1_Mu7_EG20er2p5                                       |
2026-02-12 10:59:27 INFO : |  4 |    29 |    20 | L1_SingleMu5                                           |
2026-02-12 10:59:27 INFO : |  4 |    30 |    22 | L1_SingleMu7                                           |
2026-02-12 10:59:27 INFO : |  4 |    31 |   124 | L1_Mu7_EG23er2p5                                       |
2026-02-12 10:59:27 INFO : |  4 |    32 |   127 | L1_Mu7_LooseIsoEG20er2p5                               |
2026-02-12 10:59:27 INFO : |  4 |    33 |   172 | L1_SingleEG20er2p5                                     |
2026-02-12 10:59:27 INFO : |  4 |    34 |   122 | L1_Mu5_EG23er2p5                                       |
2026-02-12 10:59:27 INFO : |  4 |    35 |   128 | L1_Mu7_LooseIsoEG23er2p5                               |
2026-02-12 10:59:27 INFO : |  4 |    36 |   108 | L1_TripleMu_5_3_3_SQ                                   |
2026-02-12 10:59:27 INFO : |  4 |    37 |   205 | L1_SingleIsoEG26er2p1                                  |
2026-02-12 10:59:27 INFO : |  4 |    38 |   211 | L1_SingleIsoEG28er2p1                                  |
2026-02-12 10:59:27 INFO : |  4 |    39 |   216 | L1_SingleIsoEG32er2p1                                  |
2026-02-12 10:59:27 INFO : |  4 |    40 |   193 | L1_SingleLooseIsoEG26er1p5                             |
2026-02-12 10:59:27 INFO : |  4 |    41 |   202 | L1_SingleLooseIsoEG30er1p5                             |
2026-02-12 10:59:27 INFO : |  4 |    42 |    36 | L1_SingleMu12_DQ_EMTF                                  |
2026-02-12 10:59:27 INFO : |  4 |    43 |     7 | L1_SingleMuOpen_EMTF                                   |
2026-02-12 10:59:27 INFO : |  4 |    44 |   176 | L1_SingleEG26er2p5                                     |
2026-02-12 10:59:27 INFO : |  4 |    45 |   185 | L1_SingleEG36er2p5                                     |
2026-02-12 10:59:27 INFO : |  4 |    46 |   189 | L1_SingleEG45er2p5                                     |
2026-02-12 10:59:27 INFO : |  4 |    47 |   308 | L1_SingleJet120er1p3                                   |
2026-02-12 10:59:27 INFO : |  4 |    48 |   312 | L1_SingleJet180er2p5                                   |
2026-02-12 10:59:27 INFO : |  4 |    49 |    53 | L1_SingleMu0_Upt15_SQ14_BMTF                           |
2026-02-12 10:59:27 INFO : |  4 |    50 |   264 | L1_SingleTau130er2p1                                   |
2026-02-12 10:59:27 INFO : |  4 |    51 |    56 | L1_DoubleMu0_OQ                                        |
2026-02-12 10:59:27 INFO : |  4 |    52 |    64 | L1_DoubleMu_15_5_SQ                                    |
2026-02-12 10:59:27 INFO : |  4 |    53 |    13 | L1_SingleMu0_SQ14_BMTF                                 |
2026-02-12 10:59:27 INFO : |  4 |    54 |    32 | L1_SingleMu13_SQ14_BMTF                                |
2026-02-12 10:59:27 INFO : |  4 |    55 |    50 | L1_SingleMu22_EMTF_POS                                 |
2026-02-12 10:59:27 INFO : |  4 |    56 |    26 | L1_SingleMu6_SQ14_BMTF                                 |
2026-02-12 10:59:27 INFO : |  4 |    57 |   380 | L1_HTT120_SingleLLPJet40                               |
2026-02-12 10:59:27 INFO : |  4 |    58 |   388 | L1_HTT120er                                            |
2026-02-12 10:59:27 INFO : |  4 |    59 |   303 | L1_SingleJet120                                        |
2026-02-12 10:59:27 INFO : |  4 |    60 |     8 | L1_SingleMu0_DQ                                        |
2026-02-12 10:59:27 INFO : |  4 |    61 |    41 | L1_SingleMu22_DQ                                       |
2026-02-12 10:59:27 INFO : |  4 |    62 |   429 | L1_CICADA_Loose                                        |
2026-02-12 10:59:27 INFO : |  4 |    63 |   262 | L1_CICADA_Parking3                                     |
2026-02-12 10:59:27 INFO : |  4 |    64 |   434 | L1_CICADA_VVVTight                                     |
2026-02-12 10:59:27 INFO : |  4 |    65 |   408 | L1_ETMHF150                                            |
2026-02-12 10:59:27 INFO : |  4 |    66 |   419 | L1_HTMHF130                                            |
2026-02-12 10:59:27 INFO : |  4 |    67 |   395 | L1_HTT400er                                            |
2026-02-12 10:59:27 INFO : |  4 |    68 |   500 | L1_BPTX_AND_Ref4_VME                                   |
2026-02-12 10:59:27 INFO : |  4 |    69 |   494 | L1_BPTX_NotOR_VME                                      |
2026-02-12 10:59:27 INFO : |  4 |    70 |   493 | L1_FirstCollisionInOrbit                               |
2026-02-12 10:59:27 INFO : |  4 |    71 |   491 | L1_LastCollisionInTrain                                |
2026-02-12 10:59:27 INFO : |  4 |    72 |   509 | L1_TOTEM_2                                             |
2026-02-12 10:59:27 INFO : |  4 |    73 |   482 | L1_UnpairedBunchBptxPlus                               |
2026-02-12 10:59:27 INFO : |  5 |     0 |   353 | L1_DoubleJet45_Mass_Min700_IsoTau45er2p1_RmOvlp...     |
2026-02-12 10:59:27 INFO : |  5 |     1 |   259 | L1_LooseIsoEG22er2p1_Tau70er2p1_dR_Min0p3              |
2026-02-12 10:59:27 INFO : |  5 |     2 |   140 | L1_DoubleJet35er2p5_Mu3_dR_Max0p4                      |
2026-02-12 10:59:27 INFO : |  5 |     3 |   222 | L1_DoubleEG17_11_er1p2_dR_Max0p6                       |
2026-02-12 10:59:27 INFO : |  5 |     4 |    84 | L1_DoubleMu0er1p4_SQ_OS_dR_Max1p4                      |
2026-02-12 10:59:27 INFO : |  5 |     5 |    82 | L1_DoubleMu0er1p5_SQ_OS_dR_Max1p4                      |
2026-02-12 10:59:27 INFO : |  5 |     6 |    81 | L1_DoubleMu0er1p5_SQ_dR_Max1p4                         |
2026-02-12 10:59:27 INFO : |  5 |     7 |    88 | L1_DoubleMu3er2p0_SQ_OS_dR_Max1p6                      |
2026-02-12 10:59:27 INFO : |  5 |     8 |    91 | L1_DoubleMu4er2p0_SQ_OS_dR_Max1p6                      |
2026-02-12 10:59:27 INFO : |  5 |     9 |   104 | L1_TripleMu_3SQ_2p5SQ_0_Mass_Max12                     |
2026-02-12 10:59:27 INFO : |  5 |    10 |    93 | L1_DoubleMu4p5_SQ_OS_dR_Max1p2                         |
2026-02-12 10:59:27 INFO : |  5 |    11 |    97 | L1_DoubleMu5_SQ_OS_dR_Max1p6                           |
2026-02-12 10:59:27 INFO : |  5 |    12 |   505 | L1_CDC_SingleMu_3_er1p2_TOP120_DPHI2p618_3p142         |
2026-02-12 10:59:27 INFO : |  5 |    13 |    76 | L1_DoubleMu0er2p0_SQ_dEta_Max1p5                       |
2026-02-12 10:59:27 INFO : |  5 |    14 |   265 | L1_DoubleIsoTau26er2p1                                 |
2026-02-12 10:59:27 INFO : |  5 |    15 |   269 | L1_DoubleIsoTau32er2p1                                 |
2026-02-12 10:59:27 INFO : |  5 |    16 |   272 | L1_DoubleIsoTau36er2p1                                 |
2026-02-12 10:59:27 INFO : |  5 |    17 |   209 | L1_SingleIsoEG28_FWD2p5                                |
2026-02-12 10:59:27 INFO : |  5 |    18 |   232 | L1_DoubleEG_LooseIso22_12_er2p5                        |
2026-02-12 10:59:27 INFO : |  5 |    19 |    73 | L1_DoubleMu0_Upt6_IP_Min1_Upt4                         |
2026-02-12 10:59:27 INFO : |  5 |    20 |   226 | L1_DoubleEG_15_10_er2p5                                |
2026-02-12 10:59:27 INFO : |  5 |    21 |   227 | L1_DoubleEG_20_10_er2p5                                |
2026-02-12 10:59:27 INFO : |  5 |    22 |   229 | L1_DoubleEG_25_12_er2p5                                |
2026-02-12 10:59:27 INFO : |  5 |    23 |   337 | L1_DoubleJet100er2p5                                   |
2026-02-12 10:59:27 INFO : |  5 |    24 |    69 | L1_DoubleMu0_Upt5_Upt5                                 |
2026-02-12 10:59:27 INFO : |  5 |    25 |    72 | L1_DoubleMu0_Upt8_SQ_er2p0                             |
2026-02-12 10:59:27 INFO : |  5 |    26 |   316 | L1_SingleJet120_FWD2p5                                 |
2026-02-12 10:59:27 INFO : |  5 |    27 |   314 | L1_SingleJet60_FWD2p5                                  |
2026-02-12 10:59:27 INFO : |  5 |    28 |   117 | L1_QuadMu0                                             |
2026-02-12 10:59:27 INFO : |  5 |    29 |   118 | L1_QuadMu0_SQ                                          |
2026-02-12 10:59:27 INFO : |  5 |    30 |    94 | L1_DoubleMu4p5er2p0_SQ_OS                              |
2026-02-12 10:59:27 INFO : |  5 |    31 |    68 | L1_DoubleMu18er2p1_SQ                                  |
2026-02-12 10:59:27 INFO : |  5 |    32 |   321 | L1_SingleJet12erHE                                     |
2026-02-12 10:59:27 INFO : |  5 |    33 |   379 | L1_DoubleLLPJet40                                      |
2026-02-12 10:59:27 INFO : |  5 |    34 |    17 | L1_SingleMu0_Upt10_OMTF                                |
2026-02-12 10:59:27 INFO : |  5 |    35 |    98 | L1_TripleMu0_OQ                                        |
2026-02-12 10:59:27 INFO : |  5 |    36 |   102 | L1_TripleMu3_SQ                                        |
2026-02-12 10:59:27 INFO : |  5 |    37 |   109 | L1_TripleMu_5_5_3                                      |
2026-02-12 10:59:27 INFO : |  5 |    38 |   204 | L1_SingleIsoEG26er2p5                                  |
2026-02-12 10:59:27 INFO : |  5 |    39 |   214 | L1_SingleIsoEG30er2p1                                  |
2026-02-12 10:59:27 INFO : |  5 |    40 |   215 | L1_SingleIsoEG32er2p5                                  |
2026-02-12 10:59:27 INFO : |  5 |    41 |   200 | L1_SingleLooseIsoEG28er1p5                             |
2026-02-12 10:59:27 INFO : |  5 |    42 |    11 | L1_SingleMu0_EMTF                                      |
2026-02-12 10:59:27 INFO : |  5 |    43 |    45 | L1_SingleMu22_EMTF                                     |
2026-02-12 10:59:27 INFO : |  5 |    44 |   175 | L1_SingleEG15er2p5                                     |
2026-02-12 10:59:27 INFO : |  5 |    45 |   182 | L1_SingleEG28er2p1                                     |
2026-02-12 10:59:27 INFO : |  5 |    46 |   187 | L1_SingleEG40er2p5                                     |
2026-02-12 10:59:27 INFO : |  5 |    47 |   462 | L1_SingleEG7er1p52                                     |
2026-02-12 10:59:27 INFO : |  5 |    48 |   310 | L1_SingleJet140er2p5                                   |
2026-02-12 10:59:27 INFO : |  5 |    49 |   307 | L1_SingleJet35er2p5                                    |
2026-02-12 10:59:27 INFO : |  5 |    50 |     3 | L1_SingleMuCosmics_EMTF                                |
2026-02-12 10:59:27 INFO : |  5 |    51 |    89 | L1_DoubleMu4_SQ_OS                                     |
2026-02-12 10:59:27 INFO : |  5 |    52 |    61 | L1_DoubleMu8_SQ                                        |
2026-02-12 10:59:27 INFO : |  5 |    53 |    66 | L1_DoubleMu_15_7_SQ                                    |
2026-02-12 10:59:27 INFO : |  5 |    54 |    30 | L1_SingleMu10_SQ14_BMTF                                |
2026-02-12 10:59:27 INFO : |  5 |    55 |    47 | L1_SingleMu22_BMTF_NEG                                 |
2026-02-12 10:59:27 INFO : |  5 |    56 |    48 | L1_SingleMu22_OMTF_POS                                 |
2026-02-12 10:59:27 INFO : |  5 |    57 |    28 | L1_SingleMu8_SQ14_BMTF                                 |
2026-02-12 10:59:27 INFO : |  5 |    58 |    15 | L1_SingleMu0_Upt10                                     |
2026-02-12 10:59:27 INFO : |  5 |    59 |   190 | L1_SingleEG50                                          |
2026-02-12 10:59:27 INFO : |  5 |    60 |   305 | L1_SingleJet200                                        |
2026-02-12 10:59:27 INFO : |  5 |    61 |    37 | L1_SingleMu15_DQ                                       |
2026-02-12 10:59:27 INFO : |  5 |    62 |    52 | L1_SingleMu25                                          |
2026-02-12 10:59:27 INFO : |  5 |    63 |   260 | L1_CICADA_Parking1                                     |
2026-02-12 10:59:27 INFO : |  5 |    64 |   428 | L1_CICADA_VLoose                                       |
2026-02-12 10:59:27 INFO : |  5 |    65 |   398 | L1_ETM120                                              |
2026-02-12 10:59:27 INFO : |  5 |    66 |   416 | L1_HTMHF100                                            |
2026-02-12 10:59:27 INFO : |  5 |    67 |   335 | L1_HTT100er                                            |
2026-02-12 10:59:27 INFO : |  5 |    68 |   334 | L1_HTT80er                                             |
2026-02-12 10:59:27 INFO : |  5 |    69 |   504 | L1_BPTX_BeamGas_B2_VME                                 |
2026-02-12 10:59:27 INFO : |  5 |    70 |   496 | L1_BPTX_OR_Ref4_VME                                    |
2026-02-12 10:59:27 INFO : |  5 |    71 |   506 | L1_HCAL_LaserMon_Trig                                  |
2026-02-12 10:59:27 INFO : |  5 |    72 |   120 | L1_SingleMuShower_Tight                                |
2026-02-12 10:59:27 INFO : |  5 |    73 |   511 | L1_TOTEM_4                                             |
2026-02-12 10:59:27 INFO : |----|-------|-------|--------------------------------------------------------|
2026-02-12 10:59:27 INFO : |-----------------------------------------------------------------------------|
2026-02-12 10:59:27 INFO : |                                                                             |
2026-02-12 10:59:27 INFO : | Condition distribution, sorted by weight (descending)                       |
2026-02-12 10:59:27 INFO : |                                                                             |
2026-02-12 10:59:27 INFO : |-----------------------------------------------------------------------------|
2026-02-12 10:59:27 INFO : |-----------------------------------------------------------------------------------|
2026-02-12 10:59:27 INFO : | Name                                             | Modules | sLUTs | DSPs | BRAMs |
2026-02-12 10:59:27 INFO : |--------------------------------------------------|---------|-------|------|-------|
2026-02-12 10:59:27 INFO : | InvariantMassOvRm_i346                           | 0       | 5307  | 0    | 0     |
2026-02-12 10:59:27 INFO : | InvariantMassOvRm_i369                           | 1       | 5307  | 0    | 0     |
2026-02-12 10:59:27 INFO : | InvariantMassOvRm_i378                           | 2       | 5307  | 0    | 0     |
2026-02-12 10:59:27 INFO : | InvariantMassOvRm_i380                           | 4       | 5307  | 0    | 0     |
2026-02-12 10:59:27 INFO : | InvariantMassOvRm_i435                           | 5       | 5307  | 0    | 0     |
2026-02-12 10:59:27 INFO : | InvariantMassOvRm_i436                           | 0       | 5307  | 0    | 0     |
2026-02-12 10:59:27 INFO : | InvariantMassOvRm_i439                           | 3       | 5307  | 0    | 0     |
2026-02-12 10:59:27 INFO : | InvariantMassOvRm_i440                           | 1       | 5307  | 0    | 0     |
2026-02-12 10:59:27 INFO : | CaloCaloCorrelation_i192                         | 2       | 4344  | 0    | 0     |
2026-02-12 10:59:27 INFO : | CaloCaloCorrelation_i193                         | 4       | 4344  | 0    | 0     |
2026-02-12 10:59:27 INFO : | CaloCaloCorrelation_i194                         | 5       | 4332  | 0    | 0     |
2026-02-12 10:59:27 INFO : | InvariantMass_i253                               | 3       | 4038  | 0    | 0     |
2026-02-12 10:59:27 INFO : | InvariantMass_i254                               | 3       | 4038  | 0    | 0     |
2026-02-12 10:59:27 INFO : | InvariantMass_i255                               | 3       | 4038  | 0    | 0     |
2026-02-12 10:59:27 INFO : | InvariantMass_i256                               | 3       | 4038  | 0    | 0     |
2026-02-12 10:59:27 INFO : | InvariantMass_i101                               | 3       | 3774  | 0    | 0     |
2026-02-12 10:59:27 INFO : | InvariantMass_i99                                | 3       | 3774  | 0    | 0     |
2026-02-12 10:59:27 INFO : | InvariantMass_i341                               | 3       | 3702  | 0    | 0     |
2026-02-12 10:59:27 INFO : | InvariantMass_i348                               | 3       | 3702  | 0    | 0     |
2026-02-12 10:59:27 INFO : | InvariantMass_i373                               | 3       | 3702  | 0    | 0     |
2026-02-12 10:59:27 INFO : | InvariantMass_i379                               | 3       | 3702  | 0    | 0     |
2026-02-12 10:59:27 INFO : | InvariantMass_i381                               | 3       | 3702  | 0    | 0     |
2026-02-12 10:59:27 INFO : | InvariantMass_i385                               | 3       | 3702  | 0    | 0     |
2026-02-12 10:59:27 INFO : | InvariantMass_i432                               | 3       | 3702  | 0    | 0     |
2026-02-12 10:59:27 INFO : | InvariantMass_i433                               | 3       | 3702  | 0    | 0     |
2026-02-12 10:59:27 INFO : | InvariantMass_i434                               | 3       | 3702  | 0    | 0     |
2026-02-12 10:59:27 INFO : | InvariantMass_i437                               | 3       | 3702  | 0    | 0     |
2026-02-12 10:59:27 INFO : | InvariantMass_i438                               | 3       | 3702  | 0    | 0     |
2026-02-12 10:59:27 INFO : | InvariantMass_i441                               | 3       | 3702  | 0    | 0     |
2026-02-12 10:59:27 INFO : | InvariantMass_i442                               | 3       | 3702  | 0    | 0     |
2026-02-12 10:59:27 INFO : | CaloMuonCorrelation_i122                         | 1       | 2912  | 0    | 0     |
2026-02-12 10:59:27 INFO : | CaloMuonCorrelation_i124                         | 1       | 2912  | 0    | 0     |
2026-02-12 10:59:27 INFO : | CaloMuonCorrelation_i103                         | 0       | 2888  | 0    | 0     |
2026-02-12 10:59:27 INFO : | CaloMuonCorrelation_i105                         | 0       | 2888  | 0    | 0     |
2026-02-12 10:59:27 INFO : | CaloMuonCorrelation_i107                         | 5       | 2888  | 0    | 0     |
2026-02-12 10:59:27 INFO : | CaloMuonCorrelation_i108                         | 2       | 2888  | 0    | 0     |
2026-02-12 10:59:27 INFO : | CaloMuonCorrelation_i111                         | 4       | 2888  | 0    | 0     |
2026-02-12 10:59:27 INFO : | CaloMuonCorrelation_i113                         | 1       | 2888  | 0    | 0     |
2026-02-12 10:59:27 INFO : | CaloMuonCorrelation_i114                         | 1       | 2888  | 0    | 0     |
2026-02-12 10:59:27 INFO : | CaloMuonCorrelation_i127                         | 0       | 2888  | 0    | 0     |
2026-02-12 10:59:27 INFO : | CaloCaloCorrelation_i425                         | 0       | 2058  | 0    | 0     |
2026-02-12 10:59:27 INFO : | CaloCaloCorrelation_i471                         | 1       | 2058  | 0    | 0     |
2026-02-12 10:59:27 INFO : | CaloCaloCorrelation_i472                         | 5       | 2058  | 0    | 0     |
2026-02-12 10:59:27 INFO : | QuadJET_i215                                     | 4       | 1960  | 0    | 0     |
2026-02-12 10:59:27 INFO : | QuadJET_i266                                     | 4       | 1960  | 0    | 0     |
2026-02-12 10:59:27 INFO : | QuadJET_i275                                     | 2       | 1960  | 0    | 0     |
2026-02-12 10:59:27 INFO : | QuadJET_i276                                     | 2       | 1960  | 0    | 0     |
2026-02-12 10:59:27 INFO : | QuadJET_i277                                     | 2       | 1960  | 0    | 0     |
2026-02-12 10:59:27 INFO : | QuadJET_i278                                     | 2       | 1960  | 0    | 0     |
2026-02-12 10:59:27 INFO : | QuadJET_i349                                     | 3       | 1960  | 0    | 0     |
2026-02-12 10:59:27 INFO : | QuadJET_i487                                     | 4       | 1960  | 0    | 0     |
2026-02-12 10:59:27 INFO : | QuadJET_i488                                     | 0       | 1960  | 0    | 0     |
2026-02-12 10:59:27 INFO : | QuadJET_i489                                     | 1       | 1960  | 0    | 0     |
2026-02-12 10:59:27 INFO : | QuadJET_i263                                     | 1       | 1816  | 0    | 0     |
2026-02-12 10:59:27 INFO : | DoubleTauOvRm_i443                               | 4       | 1763  | 0    | 0     |
2026-02-12 10:59:27 INFO : | DoubleTauOvRm_i475                               | 2       | 1763  | 0    | 0     |
2026-02-12 10:59:27 INFO : | DoubleTauOvRm_i476                               | 0       | 1763  | 0    | 0     |
2026-02-12 10:59:27 INFO : | DoubleTauOvRm_i477                               | 1       | 1763  | 0    | 0     |
2026-02-12 10:59:27 INFO : | InvariantMass_i100                               | 3       | 1428  | 0    | 0     |
2026-02-12 10:59:27 INFO : | InvariantMass_i60                                | 3       | 1428  | 0    | 0     |
2026-02-12 10:59:27 INFO : | InvariantMass_i61                                | 3       | 1428  | 0    | 0     |
2026-02-12 10:59:27 INFO : | InvariantMass_i98                                | 3       | 1428  | 0    | 0     |
2026-02-12 10:59:27 INFO : | InvariantMass_i76                                | 3       | 1380  | 0    | 0     |
2026-02-12 10:59:27 INFO : | InvariantMass_i79                                | 3       | 1380  | 0    | 0     |
2026-02-12 10:59:27 INFO : | InvariantMass_i33                                | 3       | 1364  | 0    | 0     |
2026-02-12 10:59:27 INFO : | InvariantMass_i40                                | 3       | 1364  | 0    | 0     |
2026-02-12 10:59:27 INFO : | MuonMuonCorrelation_i394                         | 5       | 924   | 0    | 0     |
2026-02-12 10:59:27 INFO : | MuonMuonCorrelation_i395                         | 5       | 924   | 0    | 0     |
2026-02-12 10:59:27 INFO : | MuonMuonCorrelation_i50                          | 5       | 924   | 0    | 0     |
2026-02-12 10:59:27 INFO : | MuonMuonCorrelation_i52                          | 5       | 924   | 0    | 0     |
2026-02-12 10:59:27 INFO : | MuonMuonCorrelation_i56                          | 5       | 924   | 0    | 0     |
2026-02-12 10:59:27 INFO : | InvariantMass3_i393                              | 0       | 909   | 112  | 0     |
2026-02-12 10:59:27 INFO : | InvariantMass3_i69                               | 5       | 909   | 112  | 0     |
2026-02-12 10:59:27 INFO : | InvariantMass3_i75                               | 1       | 909   | 112  | 0     |
2026-02-12 10:59:27 INFO : | MuonMuonCorrelation_i126                         | 0       | 876   | 0    | 0     |
2026-02-12 10:59:27 INFO : | MuonMuonCorrelation_i392                         | 4       | 876   | 0    | 0     |
2026-02-12 10:59:27 INFO : | MuonMuonCorrelation_i58                          | 5       | 876   | 0    | 0     |
2026-02-12 10:59:27 INFO : | MuonMuonCorrelation_i62                          | 5       | 876   | 0    | 0     |
2026-02-12 10:59:27 INFO : | TransverseMass_i172                              | 2       | 746   | 0    | 0     |
2026-02-12 10:59:27 INFO : | MuonMuonCorrelation_i328                         | 5       | 480   | 0    | 0     |
2026-02-12 10:59:27 INFO : | CaloCaloCorrelation_i123                         | 1       | 408   | 0    | 0     |
2026-02-12 10:59:27 INFO : | CaloCaloCorrelation_i125                         | 1       | 408   | 0    | 0     |
2026-02-12 10:59:27 INFO : | CaloCaloCorrelation_i251                         | 1       | 408   | 0    | 0     |
2026-02-12 10:59:27 INFO : | CaloCaloCorrelation_i252                         | 1       | 408   | 0    | 0     |
2026-02-12 10:59:27 INFO : | CaloCaloCorrelation_i426                         | 2       | 408   | 0    | 0     |
2026-02-12 10:59:27 INFO : | CaloCaloCorrelation_i473                         | 0       | 408   | 0    | 0     |
2026-02-12 10:59:27 INFO : | CaloCaloCorrelation_i474                         | 4       | 408   | 0    | 0     |
2026-02-12 10:59:27 INFO : | MuonMuonCorrelation_i382                         | 0       | 392   | 0    | 0     |
2026-02-12 10:59:27 INFO : | MuonMuonCorrelation_i45                          | 0       | 252   | 0    | 0     |
2026-02-12 10:59:27 INFO : | MuonMuonCorrelation_i46                          | 5       | 252   | 0    | 0     |
2026-02-12 10:59:27 INFO : | MuonMuonCorrelation_i47                          | 0       | 252   | 0    | 0     |
2026-02-12 10:59:27 INFO : | MuonMuonCorrelation_i51                          | 4       | 252   | 0    | 0     |
2026-02-12 10:59:27 INFO : | MuonMuonCorrelation_i53                          | 0       | 252   | 0    | 0     |
2026-02-12 10:59:27 INFO : | MuonMuonCorrelation_i54                          | 2       | 252   | 0    | 0     |
2026-02-12 10:59:27 INFO : | TripleJET_i350                                   | 3       | 216   | 0    | 0     |
2026-02-12 10:59:27 INFO : | TripleJET_i353                                   | 3       | 216   | 0    | 0     |
2026-02-12 10:59:27 INFO : | TripleJET_i356                                   | 3       | 216   | 0    | 0     |
2026-02-12 10:59:27 INFO : | DoubleEG_i181                                    | 0       | 168   | 0    | 0     |
2026-02-12 10:59:27 INFO : | DoubleEG_i182                                    | 0       | 168   | 0    | 0     |
2026-02-12 10:59:27 INFO : | DoubleEG_i183                                    | 4       | 168   | 0    | 0     |
2026-02-12 10:59:27 INFO : | DoubleEG_i184                                    | 0       | 168   | 0    | 0     |
2026-02-12 10:59:27 INFO : | DoubleEG_i185                                    | 4       | 168   | 0    | 0     |
2026-02-12 10:59:27 INFO : | DoubleEG_i186                                    | 0       | 168   | 0    | 0     |
2026-02-12 10:59:27 INFO : | DoubleEG_i187                                    | 4       | 168   | 0    | 0     |
2026-02-12 10:59:27 INFO : | DoubleTAU_i198                                   | 0       | 168   | 0    | 0     |
2026-02-12 10:59:27 INFO : | DoubleTAU_i199                                   | 4       | 168   | 0    | 0     |
2026-02-12 10:59:27 INFO : | DoubleTAU_i200                                   | 5       | 168   | 0    | 0     |
2026-02-12 10:59:27 INFO : | DoubleTAU_i201                                   | 0       | 168   | 0    | 0     |
2026-02-12 10:59:27 INFO : | DoubleTAU_i202                                   | 4       | 168   | 0    | 0     |
2026-02-12 10:59:27 INFO : | DoubleTAU_i203                                   | 5       | 168   | 0    | 0     |
2026-02-12 10:59:27 INFO : | DoubleTAU_i480                                   | 5       | 168   | 0    | 0     |
2026-02-12 10:59:27 INFO : | DoubleEG_i179                                    | 5       | 156   | 0    | 0     |
2026-02-12 10:59:27 INFO : | DoubleEG_i180                                    | 0       | 156   | 0    | 0     |
2026-02-12 10:59:27 INFO : | DoubleMU_i43                                     | 5       | 152   | 0    | 0     |
2026-02-12 10:59:27 INFO : | DoubleEG_i173                                    | 5       | 144   | 0    | 0     |
2026-02-12 10:59:27 INFO : | DoubleEG_i174                                    | 5       | 144   | 0    | 0     |
2026-02-12 10:59:27 INFO : | DoubleEG_i175                                    | 4       | 144   | 0    | 0     |
2026-02-12 10:59:27 INFO : | DoubleEG_i176                                    | 5       | 144   | 0    | 0     |
2026-02-12 10:59:27 INFO : | DoubleEG_i177                                    | 4       | 144   | 0    | 0     |
2026-02-12 10:59:27 INFO : | DoubleEG_i178                                    | 1       | 144   | 0    | 0     |
2026-02-12 10:59:27 INFO : | DoubleEG_i188                                    | 2       | 144   | 0    | 0     |
2026-02-12 10:59:27 INFO : | DoubleEG_i460                                    | 0       | 144   | 0    | 0     |
2026-02-12 10:59:27 INFO : | DoubleEG_i463                                    | 0       | 144   | 0    | 0     |
2026-02-12 10:59:27 INFO : | DoubleEG_i464                                    | 0       | 144   | 0    | 0     |
2026-02-12 10:59:27 INFO : | DoubleEG_i91                                     | 2       | 144   | 0    | 0     |
2026-02-12 10:59:27 INFO : | DoubleEG_i92                                     | 2       | 144   | 0    | 0     |
2026-02-12 10:59:27 INFO : | DoubleEG_i93                                     | 2       | 144   | 0    | 0     |
2026-02-12 10:59:27 INFO : | DoubleEG_i94                                     | 2       | 144   | 0    | 0     |
2026-02-12 10:59:27 INFO : | DoubleJET_i104                                   | 0       | 144   | 0    | 0     |
2026-02-12 10:59:27 INFO : | DoubleJET_i106                                   | 5       | 144   | 0    | 0     |
2026-02-12 10:59:27 INFO : | DoubleJET_i109                                   | 2       | 144   | 0    | 0     |
2026-02-12 10:59:27 INFO : | DoubleJET_i110                                   | 4       | 144   | 0    | 0     |
2026-02-12 10:59:27 INFO : | DoubleJET_i112                                   | 1       | 144   | 0    | 0     |
2026-02-12 10:59:27 INFO : | DoubleJET_i131                                   | 1       | 144   | 0    | 0     |
2026-02-12 10:59:27 INFO : | DoubleJET_i249                                   | 5       | 144   | 0    | 0     |
2026-02-12 10:59:27 INFO : | DoubleJET_i250                                   | 4       | 144   | 0    | 0     |
2026-02-12 10:59:27 INFO : | DoubleJET_i258                                   | 1       | 144   | 0    | 0     |
2026-02-12 10:59:27 INFO : | DoubleJET_i260                                   | 0       | 144   | 0    | 0     |
2026-02-12 10:59:27 INFO : | DoubleJET_i262                                   | 0       | 144   | 0    | 0     |
2026-02-12 10:59:27 INFO : | DoubleJET_i359                                   | 3       | 144   | 0    | 0     |
2026-02-12 10:59:27 INFO : | DoubleJET_i360                                   | 3       | 144   | 0    | 0     |
2026-02-12 10:59:27 INFO : | DoubleJET_i361                                   | 3       | 144   | 0    | 0     |
2026-02-12 10:59:27 INFO : | DoubleJET_i362                                   | 3       | 144   | 0    | 0     |
2026-02-12 10:59:27 INFO : | DoubleJET_i363                                   | 3       | 144   | 0    | 0     |
2026-02-12 10:59:27 INFO : | DoubleJET_i364                                   | 3       | 144   | 0    | 0     |
2026-02-12 10:59:27 INFO : | DoubleJET_i365                                   | 3       | 144   | 0    | 0     |
2026-02-12 10:59:27 INFO : | DoubleJET_i366                                   | 3       | 144   | 0    | 0     |
2026-02-12 10:59:27 INFO : | DoubleJET_i367                                   | 3       | 144   | 0    | 0     |
2026-02-12 10:59:27 INFO : | DoubleJET_i368                                   | 3       | 144   | 0    | 0     |
2026-02-12 10:59:27 INFO : | DoubleMU_i389                                    | 4       | 144   | 0    | 0     |
2026-02-12 10:59:27 INFO : | DoubleMU_i390                                    | 1       | 144   | 0    | 0     |
2026-02-12 10:59:27 INFO : | DoubleMU_i391                                    | 5       | 144   | 0    | 0     |
2026-02-12 10:59:27 INFO : | DoubleMU_i42                                     | 5       | 144   | 0    | 0     |
2026-02-12 10:59:27 INFO : | DoubleMU_i44                                     | 1       | 144   | 0    | 0     |
2026-02-12 10:59:27 INFO : | DoubleTAU_i197                                   | 4       | 144   | 0    | 0     |
2026-02-12 10:59:27 INFO : | QuadMU_i80                                       | 4       | 128   | 0    | 0     |
2026-02-12 10:59:27 INFO : | QuadMU_i81                                       | 5       | 128   | 0    | 0     |
2026-02-12 10:59:27 INFO : | QuadMU_i82                                       | 5       | 128   | 0    | 0     |
2026-02-12 10:59:27 INFO : | DoubleMU_i49                                     | 2       | 113   | 0    | 0     |
2026-02-12 10:59:27 INFO : | DoubleMU_i59                                     | 5       | 113   | 0    | 0     |
2026-02-12 10:59:27 INFO : | DoubleMU_i41                                     | 5       | 112   | 0    | 0     |
2026-02-12 10:59:27 INFO : | DoubleMU_i48                                     | 2       | 112   | 0    | 0     |
2026-02-12 10:59:27 INFO : | SingleJET_i240                                   | 1       | 108   | 0    | 0     |
2026-02-12 10:59:27 INFO : | SingleJET_i241                                   | 2       | 108   | 0    | 0     |
2026-02-12 10:59:27 INFO : | SingleJET_i242                                   | 5       | 108   | 0    | 0     |
2026-02-12 10:59:27 INFO : | SingleJET_i478                                   | 0       | 108   | 0    | 0     |
2026-02-12 10:59:27 INFO : | TripleJET_i257                                   | 1       | 108   | 0    | 0     |
2026-02-12 10:59:27 INFO : | TripleJET_i259                                   | 0       | 108   | 0    | 0     |
2026-02-12 10:59:27 INFO : | TripleJET_i261                                   | 0       | 108   | 0    | 0     |
2026-02-12 10:59:27 INFO : | DoubleJET_i267                                   | 5       | 96    | 0    | 0     |
2026-02-12 10:59:27 INFO : | SingleMU_i338                                    | 1       | 96    | 0    | 0     |
2026-02-12 10:59:27 INFO : | SingleMU_i339                                    | 5       | 96    | 0    | 0     |
2026-02-12 10:59:27 INFO : | TripleMU_i63                                     | 5       | 96    | 0    | 0     |
2026-02-12 10:59:27 INFO : | TripleMU_i64                                     | 1       | 96    | 0    | 0     |
2026-02-12 10:59:27 INFO : | TripleMU_i65                                     | 2       | 96    | 0    | 0     |
2026-02-12 10:59:27 INFO : | TripleMU_i66                                     | 1       | 96    | 0    | 0     |
2026-02-12 10:59:27 INFO : | TripleMU_i67                                     | 5       | 96    | 0    | 0     |
2026-02-12 10:59:27 INFO : | TripleMU_i68                                     | 2       | 96    | 0    | 0     |
2026-02-12 10:59:27 INFO : | TripleMU_i70                                     | 3       | 96    | 0    | 0     |
2026-02-12 10:59:27 INFO : | TripleMU_i71                                     | 3       | 96    | 0    | 0     |
2026-02-12 10:59:27 INFO : | TripleMU_i72                                     | 1       | 96    | 0    | 0     |
2026-02-12 10:59:27 INFO : | TripleMU_i73                                     | 4       | 96    | 0    | 0     |
2026-02-12 10:59:27 INFO : | TripleMU_i74                                     | 5       | 96    | 0    | 0     |
2026-02-12 10:59:27 INFO : | TripleMU_i77                                     | 3       | 96    | 0    | 0     |
2026-02-12 10:59:27 INFO : | TripleMU_i78                                     | 3       | 96    | 0    | 0     |
2026-02-12 10:59:27 INFO : | SingleEG_i150                                    | 2       | 84    | 0    | 0     |
2026-02-12 10:59:27 INFO : | SingleEG_i151                                    | 4       | 84    | 0    | 0     |
2026-02-12 10:59:27 INFO : | SingleEG_i152                                    | 0       | 84    | 0    | 0     |
2026-02-12 10:59:27 INFO : | SingleEG_i153                                    | 0       | 84    | 0    | 0     |
2026-02-12 10:59:27 INFO : | SingleEG_i154                                    | 2       | 84    | 0    | 0     |
2026-02-12 10:59:27 INFO : | SingleEG_i155                                    | 1       | 84    | 0    | 0     |
2026-02-12 10:59:27 INFO : | SingleEG_i156                                    | 5       | 84    | 0    | 0     |
2026-02-12 10:59:27 INFO : | SingleEG_i157                                    | 2       | 84    | 0    | 0     |
2026-02-12 10:59:27 INFO : | SingleEG_i158                                    | 4       | 84    | 0    | 0     |
2026-02-12 10:59:27 INFO : | SingleEG_i159                                    | 1       | 84    | 0    | 0     |
2026-02-12 10:59:27 INFO : | SingleEG_i160                                    | 5       | 84    | 0    | 0     |
2026-02-12 10:59:27 INFO : | SingleEG_i161                                    | 4       | 84    | 0    | 0     |
2026-02-12 10:59:27 INFO : | SingleEG_i162                                    | 5       | 84    | 0    | 0     |
2026-02-12 10:59:27 INFO : | SingleEG_i163                                    | 5       | 84    | 0    | 0     |
2026-02-12 10:59:27 INFO : | SingleEG_i164                                    | 2       | 84    | 0    | 0     |
2026-02-12 10:59:27 INFO : | SingleEG_i165                                    | 4       | 84    | 0    | 0     |
2026-02-12 10:59:27 INFO : | SingleEG_i166                                    | 1       | 84    | 0    | 0     |
2026-02-12 10:59:27 INFO : | SingleEG_i167                                    | 1       | 84    | 0    | 0     |
2026-02-12 10:59:27 INFO : | SingleEG_i168                                    | 5       | 84    | 0    | 0     |
2026-02-12 10:59:27 INFO : | SingleEG_i169                                    | 5       | 84    | 0    | 0     |
2026-02-12 10:59:27 INFO : | SingleEG_i170                                    | 4       | 84    | 0    | 0     |
2026-02-12 10:59:27 INFO : | SingleEG_i171                                    | 1       | 84    | 0    | 0     |
2026-02-12 10:59:27 INFO : | SingleEG_i377                                    | 2       | 84    | 0    | 0     |
2026-02-12 10:59:27 INFO : | SingleEG_i384                                    | 2       | 84    | 0    | 0     |
2026-02-12 10:59:27 INFO : | SingleEG_i467                                    | 2       | 84    | 0    | 0     |
2026-02-12 10:59:27 INFO : | SingleEG_i469                                    | 2       | 84    | 0    | 0     |
2026-02-12 10:59:27 INFO : | SingleEG_i88                                     | 4       | 84    | 0    | 0     |
2026-02-12 10:59:27 INFO : | SingleEG_i89                                     | 4       | 84    | 0    | 0     |
2026-02-12 10:59:27 INFO : | SingleTAU_i210                                   | 1       | 84    | 0    | 0     |
2026-02-12 10:59:27 INFO : | SingleTAU_i211                                   | 1       | 84    | 0    | 0     |
2026-02-12 10:59:27 INFO : | SingleTAU_i212                                   | 1       | 84    | 0    | 0     |
2026-02-12 10:59:27 INFO : | SingleTAU_i213                                   | 1       | 84    | 0    | 0     |
2026-02-12 10:59:27 INFO : | SingleTAU_i216                                   | 4       | 84    | 0    | 0     |
2026-02-12 10:59:27 INFO : | SingleMU_i10                                     | 1       | 80    | 0    | 0     |
2026-02-12 10:59:27 INFO : | SingleMU_i11                                     | 5       | 80    | 0    | 0     |
2026-02-12 10:59:27 INFO : | SingleMU_i17                                     | 2       | 80    | 0    | 0     |
2026-02-12 10:59:27 INFO : | SingleMU_i18                                     | 4       | 80    | 0    | 0     |
2026-02-12 10:59:27 INFO : | SingleMU_i26                                     | 1       | 80    | 0    | 0     |
2026-02-12 10:59:27 INFO : | SingleMU_i27                                     | 5       | 80    | 0    | 0     |
2026-02-12 10:59:27 INFO : | SingleMU_i6                                      | 2       | 80    | 0    | 0     |
2026-02-12 10:59:27 INFO : | SingleMU_i7                                      | 4       | 80    | 0    | 0     |
2026-02-12 10:59:27 INFO : | CaloEsumCorrelation_i244                         | 1       | 74    | 0    | 0     |
2026-02-12 10:59:27 INFO : | CaloEsumCorrelation_i245                         | 1       | 74    | 0    | 0     |
2026-02-12 10:59:27 INFO : | CaloEsumCorrelation_i247                         | 1       | 74    | 0    | 0     |
2026-02-12 10:59:27 INFO : | CaloEsumCorrelation_i248                         | 1       | 74    | 0    | 0     |
2026-02-12 10:59:27 INFO : | DoubleEG_i459                                    | 0       | 72    | 0    | 0     |
2026-02-12 10:59:27 INFO : | DoubleEG_i461                                    | 0       | 72    | 0    | 0     |
2026-02-12 10:59:27 INFO : | DoubleEG_i462                                    | 0       | 72    | 0    | 0     |
2026-02-12 10:59:27 INFO : | DoubleJET_i340                                   | 3       | 72    | 0    | 0     |
2026-02-12 10:59:27 INFO : | DoubleJET_i347                                   | 3       | 72    | 0    | 0     |
2026-02-12 10:59:27 INFO : | DoubleJET_i370                                   | 3       | 72    | 0    | 0     |
2026-02-12 10:59:27 INFO : | DoubleJET_i372                                   | 3       | 72    | 0    | 0     |
2026-02-12 10:59:27 INFO : | SingleEG_i134                                    | 1       | 72    | 0    | 0     |
2026-02-12 10:59:27 INFO : | SingleEG_i135                                    | 5       | 72    | 0    | 0     |
2026-02-12 10:59:27 INFO : | SingleEG_i136                                    | 4       | 72    | 0    | 0     |
2026-02-12 10:59:27 INFO : | SingleEG_i137                                    | 1       | 72    | 0    | 0     |
2026-02-12 10:59:27 INFO : | SingleEG_i138                                    | 1       | 72    | 0    | 0     |
2026-02-12 10:59:27 INFO : | SingleEG_i139                                    | 2       | 72    | 0    | 0     |
2026-02-12 10:59:27 INFO : | SingleEG_i140                                    | 5       | 72    | 0    | 0     |
2026-02-12 10:59:27 INFO : | SingleEG_i141                                    | 2       | 72    | 0    | 0     |
2026-02-12 10:59:27 INFO : | SingleEG_i142                                    | 1       | 72    | 0    | 0     |
2026-02-12 10:59:27 INFO : | SingleEG_i143                                    | 4       | 72    | 0    | 0     |
2026-02-12 10:59:27 INFO : | SingleEG_i144                                    | 2       | 72    | 0    | 0     |
2026-02-12 10:59:27 INFO : | SingleEG_i145                                    | 5       | 72    | 0    | 0     |
2026-02-12 10:59:27 INFO : | SingleEG_i146                                    | 1       | 72    | 0    | 0     |
2026-02-12 10:59:27 INFO : | SingleEG_i147                                    | 4       | 72    | 0    | 0     |
2026-02-12 10:59:27 INFO : | SingleEG_i457                                    | 2       | 72    | 0    | 0     |
2026-02-12 10:59:27 INFO : | SingleEG_i458                                    | 5       | 72    | 0    | 0     |
2026-02-12 10:59:27 INFO : | SingleEG_i470                                    | 2       | 72    | 0    | 0     |
2026-02-12 10:59:27 INFO : | SingleEG_i479                                    | 1       | 72    | 0    | 0     |
2026-02-12 10:59:27 INFO : | SingleEG_i85                                     | 4       | 72    | 0    | 0     |
2026-02-12 10:59:27 INFO : | SingleEG_i86                                     | 4       | 72    | 0    | 0     |
2026-02-12 10:59:27 INFO : | SingleEG_i87                                     | 2       | 72    | 0    | 0     |
2026-02-12 10:59:27 INFO : | SingleEG_i96                                     | 2       | 72    | 0    | 0     |
2026-02-12 10:59:27 INFO : | SingleJET_i102                                   | 0       | 72    | 0    | 0     |
2026-02-12 10:59:27 INFO : | SingleJET_i116                                   | 1       | 72    | 0    | 0     |
2026-02-12 10:59:27 INFO : | SingleJET_i130                                   | 1       | 72    | 0    | 0     |
2026-02-12 10:59:27 INFO : | SingleJET_i223                                   | 5       | 72    | 0    | 0     |
2026-02-12 10:59:27 INFO : | SingleJET_i224                                   | 2       | 72    | 0    | 0     |
2026-02-12 10:59:27 INFO : | SingleJET_i225                                   | 5       | 72    | 0    | 0     |
2026-02-12 10:59:27 INFO : | SingleJET_i226                                   | 1       | 72    | 0    | 0     |
2026-02-12 10:59:27 INFO : | SingleJET_i227                                   | 4       | 72    | 0    | 0     |
2026-02-12 10:59:27 INFO : | SingleJET_i228                                   | 1       | 72    | 0    | 0     |
2026-02-12 10:59:27 INFO : | SingleJET_i229                                   | 1       | 72    | 0    | 0     |
2026-02-12 10:59:27 INFO : | SingleJET_i230                                   | 5       | 72    | 0    | 0     |
2026-02-12 10:59:27 INFO : | SingleJET_i231                                   | 5       | 72    | 0    | 0     |
2026-02-12 10:59:27 INFO : | SingleJET_i232                                   | 4       | 72    | 0    | 0     |
2026-02-12 10:59:27 INFO : | SingleJET_i233                                   | 4       | 72    | 0    | 0     |
2026-02-12 10:59:27 INFO : | SingleJET_i234                                   | 5       | 72    | 0    | 0     |
2026-02-12 10:59:27 INFO : | SingleJET_i235                                   | 5       | 72    | 0    | 0     |
2026-02-12 10:59:27 INFO : | SingleJET_i236                                   | 2       | 72    | 0    | 0     |
2026-02-12 10:59:27 INFO : | SingleJET_i237                                   | 2       | 72    | 0    | 0     |
2026-02-12 10:59:27 INFO : | SingleJET_i238                                   | 4       | 72    | 0    | 0     |
2026-02-12 10:59:27 INFO : | SingleJET_i239                                   | 4       | 72    | 0    | 0     |
2026-02-12 10:59:27 INFO : | SingleJET_i264                                   | 1       | 72    | 0    | 0     |
2026-02-12 10:59:27 INFO : | SingleJET_i265                                   | 1       | 72    | 0    | 0     |
2026-02-12 10:59:27 INFO : | SingleJET_i298                                   | 0       | 72    | 0    | 0     |
2026-02-12 10:59:27 INFO : | SingleJET_i299                                   | 0       | 72    | 0    | 0     |
2026-02-12 10:59:27 INFO : | SingleJET_i300                                   | 0       | 72    | 0    | 0     |
2026-02-12 10:59:27 INFO : | SingleJET_i342                                   | 2       | 72    | 0    | 0     |
2026-02-12 10:59:27 INFO : | SingleJET_i343                                   | 4       | 72    | 0    | 0     |
2026-02-12 10:59:27 INFO : | SingleJET_i351                                   | 3       | 72    | 0    | 0     |
2026-02-12 10:59:27 INFO : | SingleJET_i352                                   | 3       | 72    | 0    | 0     |
2026-02-12 10:59:27 INFO : | SingleJET_i354                                   | 3       | 72    | 0    | 0     |
2026-02-12 10:59:27 INFO : | SingleJET_i355                                   | 3       | 72    | 0    | 0     |
2026-02-12 10:59:27 INFO : | SingleJET_i357                                   | 3       | 72    | 0    | 0     |
2026-02-12 10:59:27 INFO : | SingleJET_i358                                   | 3       | 72    | 0    | 0     |
2026-02-12 10:59:27 INFO : | SingleJET_i449                                   | 0       | 72    | 0    | 0     |
2026-02-12 10:59:27 INFO : | SingleJET_i450                                   | 0       | 72    | 0    | 0     |
2026-02-12 10:59:27 INFO : | SingleJET_i451                                   | 0       | 72    | 0    | 0     |
2026-02-12 10:59:27 INFO : | SingleJET_i452                                   | 0       | 72    | 0    | 0     |
2026-02-12 10:59:27 INFO : | SingleJET_i453                                   | 0       | 72    | 0    | 0     |
2026-02-12 10:59:27 INFO : | SingleJET_i454                                   | 1       | 72    | 0    | 0     |
2026-02-12 10:59:27 INFO : | SingleJET_i465                                   | 1       | 72    | 0    | 0     |
2026-02-12 10:59:27 INFO : | SingleJET_i466                                   | 1       | 72    | 0    | 0     |
2026-02-12 10:59:27 INFO : | SingleMU_i2                                      | 1       | 72    | 0    | 0     |
2026-02-12 10:59:27 INFO : | SingleMU_i3                                      | 5       | 72    | 0    | 0     |
2026-02-12 10:59:27 INFO : | SingleMU_i337                                    | 3       | 72    | 0    | 0     |
2026-02-12 10:59:27 INFO : | SingleMU_i396                                    | 4       | 72    | 0    | 0     |
2026-02-12 10:59:27 INFO : | SingleMU_i397                                    | 2       | 72    | 0    | 0     |
2026-02-12 10:59:27 INFO : | SingleTAU_i195                                   | 3       | 72    | 0    | 0     |
2026-02-12 10:59:27 INFO : | SingleTAU_i196                                   | 4       | 72    | 0    | 0     |
2026-02-12 10:59:27 INFO : | SingleTAU_i205                                   | 4       | 72    | 0    | 0     |
2026-02-12 10:59:27 INFO : | SingleTAU_i206                                   | 4       | 72    | 0    | 0     |
2026-02-12 10:59:27 INFO : | SingleTAU_i214                                   | 1       | 72    | 0    | 0     |
2026-02-12 10:59:27 INFO : | DoubleMU_i32                                     | 2       | 65    | 0    | 0     |
2026-02-12 10:59:27 INFO : | DoubleMU_i55                                     | 5       | 65    | 0    | 0     |
2026-02-12 10:59:27 INFO : | DoubleMU_i57                                     | 1       | 65    | 0    | 0     |
2026-02-12 10:59:27 INFO : | DoubleMU_i128                                    | 1       | 64    | 0    | 0     |
2026-02-12 10:59:27 INFO : | DoubleMU_i29                                     | 4       | 64    | 0    | 0     |
2026-02-12 10:59:27 INFO : | DoubleMU_i30                                     | 3       | 64    | 0    | 0     |
2026-02-12 10:59:27 INFO : | DoubleMU_i31                                     | 2       | 64    | 0    | 0     |
2026-02-12 10:59:27 INFO : | DoubleMU_i34                                     | 5       | 64    | 0    | 0     |
2026-02-12 10:59:27 INFO : | DoubleMU_i35                                     | 1       | 64    | 0    | 0     |
2026-02-12 10:59:27 INFO : | DoubleMU_i36                                     | 3       | 64    | 0    | 0     |
2026-02-12 10:59:27 INFO : | DoubleMU_i37                                     | 4       | 64    | 0    | 0     |
2026-02-12 10:59:27 INFO : | DoubleMU_i38                                     | 2       | 64    | 0    | 0     |
2026-02-12 10:59:27 INFO : | DoubleMU_i39                                     | 5       | 64    | 0    | 0     |
2026-02-12 10:59:27 INFO : | DoubleMU_i95                                     | 2       | 64    | 0    | 0     |
2026-02-12 10:59:27 INFO : | DoubleMU_i97                                     | 2       | 64    | 0    | 0     |
2026-02-12 10:59:27 INFO : | SingleMU_i115                                    | 1       | 56    | 0    | 0     |
2026-02-12 10:59:27 INFO : | SingleMU_i16                                     | 3       | 56    | 0    | 0     |
2026-02-12 10:59:27 INFO : | SingleMU_i204                                    | 4       | 56    | 0    | 0     |
2026-02-12 10:59:27 INFO : | SingleMU_i209                                    | 1       | 56    | 0    | 0     |
2026-02-12 10:59:27 INFO : | SingleMU_i25                                     | 2       | 56    | 0    | 0     |
2026-02-12 10:59:27 INFO : | SingleMU_i294                                    | 0       | 56    | 0    | 0     |
2026-02-12 10:59:27 INFO : | SingleMU_i297                                    | 0       | 56    | 0    | 0     |
2026-02-12 10:59:27 INFO : | SingleMU_i344                                    | 1       | 56    | 0    | 0     |
2026-02-12 10:59:27 INFO : | SingleMU_i345                                    | 5       | 56    | 0    | 0     |
2026-02-12 10:59:27 INFO : | SingleMU_i386                                    | 3       | 56    | 0    | 0     |
2026-02-12 10:59:27 INFO : | SingleMU_i387                                    | 4       | 56    | 0    | 0     |
2026-02-12 10:59:27 INFO : | SingleMU_i388                                    | 2       | 56    | 0    | 0     |
2026-02-12 10:59:27 INFO : | SingleMU_i398                                    | 3       | 56    | 0    | 0     |
2026-02-12 10:59:27 INFO : | SingleMU_i399                                    | 4       | 56    | 0    | 0     |
2026-02-12 10:59:27 INFO : | SingleMU_i400                                    | 2       | 56    | 0    | 0     |
2026-02-12 10:59:27 INFO : | SingleMU_i401                                    | 5       | 56    | 0    | 0     |
2026-02-12 10:59:27 INFO : | SingleMU_i402                                    | 1       | 56    | 0    | 0     |
2026-02-12 10:59:27 INFO : | SingleMU_i417                                    | 5       | 56    | 0    | 0     |
2026-02-12 10:59:27 INFO : | SingleMU_i418                                    | 2       | 56    | 0    | 0     |
2026-02-12 10:59:27 INFO : | SingleMU_i419                                    | 4       | 56    | 0    | 0     |
2026-02-12 10:59:27 INFO : | SingleMU_i420                                    | 3       | 56    | 0    | 0     |
2026-02-12 10:59:27 INFO : | SingleMU_i421                                    | 1       | 56    | 0    | 0     |
2026-02-12 10:59:27 INFO : | SingleMU_i422                                    | 5       | 56    | 0    | 0     |
2026-02-12 10:59:27 INFO : | SingleMU_i423                                    | 1       | 56    | 0    | 0     |
2026-02-12 10:59:27 INFO : | SingleMU_i424                                    | 4       | 56    | 0    | 0     |
2026-02-12 10:59:27 INFO : | SingleMU_i5                                      | 3       | 56    | 0    | 0     |
2026-02-12 10:59:27 INFO : | SingleMU_i9                                      | 1       | 56    | 0    | 0     |
2026-02-12 10:59:27 INFO : | SingleJET_i268                                   | 4       | 48    | 0    | 0     |
2026-02-12 10:59:27 INFO : | SingleJET_i270                                   | 2       | 48    | 0    | 0     |
2026-02-12 10:59:27 INFO : | SingleJET_i272                                   | 2       | 48    | 0    | 0     |
2026-02-12 10:59:27 INFO : | SingleJET_i274                                   | 2       | 48    | 0    | 0     |
2026-02-12 10:59:27 INFO : | SingleMU_i1                                      | 1       | 48    | 0    | 0     |
2026-02-12 10:59:27 INFO : | SingleMU_i336                                    | 5       | 48    | 0    | 0     |
2026-02-12 10:59:27 INFO : | SingleEG_i148                                    | 5       | 36    | 0    | 0     |
2026-02-12 10:59:27 INFO : | SingleEG_i149                                    | 1       | 36    | 0    | 0     |
2026-02-12 10:59:27 INFO : | SingleEG_i455                                    | 0       | 36    | 0    | 0     |
2026-02-12 10:59:27 INFO : | SingleEG_i456                                    | 0       | 36    | 0    | 0     |
2026-02-12 10:59:27 INFO : | SingleEG_i468                                    | 2       | 36    | 0    | 0     |
2026-02-12 10:59:27 INFO : | SingleJET_i207                                   | 4       | 36    | 0    | 0     |
2026-02-12 10:59:27 INFO : | SingleJET_i208                                   | 4       | 36    | 0    | 0     |
2026-02-12 10:59:27 INFO : | SingleJET_i217                                   | 1       | 36    | 0    | 0     |
2026-02-12 10:59:27 INFO : | SingleJET_i218                                   | 1       | 36    | 0    | 0     |
2026-02-12 10:59:27 INFO : | SingleJET_i219                                   | 3       | 36    | 0    | 0     |
2026-02-12 10:59:27 INFO : | SingleJET_i220                                   | 4       | 36    | 0    | 0     |
2026-02-12 10:59:27 INFO : | SingleJET_i221                                   | 2       | 36    | 0    | 0     |
2026-02-12 10:59:27 INFO : | SingleJET_i222                                   | 5       | 36    | 0    | 0     |
2026-02-12 10:59:27 INFO : | SingleJET_i444                                   | 0       | 36    | 0    | 0     |
2026-02-12 10:59:27 INFO : | SingleJET_i445                                   | 0       | 36    | 0    | 0     |
2026-02-12 10:59:27 INFO : | SingleJET_i446                                   | 0       | 36    | 0    | 0     |
2026-02-12 10:59:27 INFO : | SingleJET_i447                                   | 0       | 36    | 0    | 0     |
2026-02-12 10:59:27 INFO : | SingleJET_i448                                   | 0       | 36    | 0    | 0     |
2026-02-12 10:59:27 INFO : | SingleMU_i12                                     | 0       | 32    | 0    | 0     |
2026-02-12 10:59:27 INFO : | SingleMU_i13                                     | 4       | 32    | 0    | 0     |
2026-02-12 10:59:27 INFO : | SingleMU_i14                                     | 1       | 32    | 0    | 0     |
2026-02-12 10:59:27 INFO : | SingleMU_i15                                     | 4       | 32    | 0    | 0     |
2026-02-12 10:59:27 INFO : | SingleMU_i19                                     | 5       | 32    | 0    | 0     |
2026-02-12 10:59:27 INFO : | SingleMU_i20                                     | 1       | 32    | 0    | 0     |
2026-02-12 10:59:27 INFO : | SingleMU_i21                                     | 2       | 32    | 0    | 0     |
2026-02-12 10:59:27 INFO : | SingleMU_i22                                     | 2       | 32    | 0    | 0     |
2026-02-12 10:59:27 INFO : | SingleMU_i23                                     | 4       | 32    | 0    | 0     |
2026-02-12 10:59:27 INFO : | SingleMU_i24                                     | 3       | 32    | 0    | 0     |
2026-02-12 10:59:27 INFO : | SingleMU_i28                                     | 5       | 32    | 0    | 0     |
2026-02-12 10:59:27 INFO : | SingleMU_i371                                    | 3       | 32    | 0    | 0     |
2026-02-12 10:59:27 INFO : | SingleMU_i375                                    | 3       | 32    | 0    | 0     |
2026-02-12 10:59:27 INFO : | SingleMU_i383                                    | 3       | 32    | 0    | 0     |
2026-02-12 10:59:27 INFO : | SingleMU_i4                                      | 0       | 32    | 0    | 0     |
2026-02-12 10:59:27 INFO : | SingleMU_i486                                    | 2       | 32    | 0    | 0     |
2026-02-12 10:59:27 INFO : | SingleMU_i8                                      | 4       | 32    | 0    | 0     |
2026-02-12 10:59:27 INFO : | SingleMU_i90                                     | 2       | 32    | 0    | 0     |
2026-02-12 10:59:27 INFO : | SingleMU_i0                                      | 3       | 24    | 0    | 0     |
2026-02-12 10:59:27 INFO : | Axol1tlTrigger_i413                              | 1       | 15    | 0    | 0     |
2026-02-12 10:59:27 INFO : | Axol1tlTrigger_i414                              | 1       | 15    | 0    | 0     |
2026-02-12 10:59:27 INFO : | Axol1tlTrigger_i415                              | 1       | 15    | 0    | 0     |
2026-02-12 10:59:27 INFO : | Axol1tlTrigger_i416                              | 1       | 15    | 0    | 0     |
2026-02-12 10:59:27 INFO : | Axol1tlTrigger_i427                              | 1       | 15    | 0    | 0     |
2026-02-12 10:59:27 INFO : | Axol1tlTrigger_i428                              | 1       | 15    | 0    | 0     |
2026-02-12 10:59:27 INFO : | Axol1tlTrigger_i490                              | 1       | 15    | 0    | 0     |
2026-02-12 10:59:27 INFO : | CicadaTrigger_i408                               | 5       | 4     | 0    | 0     |
2026-02-12 10:59:27 INFO : | CicadaTrigger_i409                               | 4       | 4     | 0    | 0     |
2026-02-12 10:59:27 INFO : | CicadaTrigger_i410                               | 2       | 4     | 0    | 0     |
2026-02-12 10:59:27 INFO : | CicadaTrigger_i411                               | 2       | 4     | 0    | 0     |
2026-02-12 10:59:27 INFO : | CicadaTrigger_i412                               | 0       | 4     | 0    | 0     |
2026-02-12 10:59:27 INFO : | CicadaTrigger_i429                               | 3       | 4     | 0    | 0     |
2026-02-12 10:59:27 INFO : | CicadaTrigger_i430                               | 4       | 4     | 0    | 0     |
2026-02-12 10:59:27 INFO : | CicadaTrigger_i431                               | 2       | 4     | 0    | 0     |
2026-02-12 10:59:27 INFO : | CicadaTrigger_i483                               | 5       | 4     | 0    | 0     |
2026-02-12 10:59:27 INFO : | CicadaTrigger_i484                               | 3       | 4     | 0    | 0     |
2026-02-12 10:59:27 INFO : | CicadaTrigger_i485                               | 4       | 4     | 0    | 0     |
2026-02-12 10:59:27 INFO : | SingleETMHF_i117                                 | 1       | 4     | 0    | 0     |
2026-02-12 10:59:27 INFO : | SingleETMHF_i118                                 | 1       | 4     | 0    | 0     |
2026-02-12 10:59:27 INFO : | SingleETMHF_i119                                 | 1       | 4     | 0    | 0     |
2026-02-12 10:59:27 INFO : | SingleETMHF_i132                                 | 1       | 4     | 0    | 0     |
2026-02-12 10:59:27 INFO : | SingleETMHF_i243                                 | 1       | 4     | 0    | 0     |
2026-02-12 10:59:27 INFO : | SingleETMHF_i246                                 | 1       | 4     | 0    | 0     |
2026-02-12 10:59:27 INFO : | SingleETMHF_i286                                 | 1       | 4     | 0    | 0     |
2026-02-12 10:59:27 INFO : | SingleETMHF_i287                                 | 1       | 4     | 0    | 0     |
2026-02-12 10:59:27 INFO : | SingleETMHF_i288                                 | 1       | 4     | 0    | 0     |
2026-02-12 10:59:27 INFO : | SingleETMHF_i289                                 | 1       | 4     | 0    | 0     |
2026-02-12 10:59:27 INFO : | SingleETMHF_i290                                 | 1       | 4     | 0    | 0     |
2026-02-12 10:59:27 INFO : | SingleETMHF_i291                                 | 3       | 4     | 0    | 0     |
2026-02-12 10:59:27 INFO : | SingleETMHF_i292                                 | 4       | 4     | 0    | 0     |
2026-02-12 10:59:27 INFO : | SingleETMHF_i374                                 | 3       | 4     | 0    | 0     |
2026-02-12 10:59:27 INFO : | SingleETM_i284                                   | 5       | 4     | 0    | 0     |
2026-02-12 10:59:27 INFO : | SingleETM_i285                                   | 0       | 4     | 0    | 0     |
2026-02-12 10:59:27 INFO : | SingleETT_i283                                   | 2       | 4     | 0    | 0     |
2026-02-12 10:59:27 INFO : | SingleHTMHF_i403                                 | 5       | 4     | 0    | 0     |
2026-02-12 10:59:27 INFO : | SingleHTMHF_i404                                 | 0       | 4     | 0    | 0     |
2026-02-12 10:59:27 INFO : | SingleHTMHF_i405                                 | 3       | 4     | 0    | 0     |
2026-02-12 10:59:27 INFO : | SingleHTMHF_i406                                 | 4       | 4     | 0    | 0     |
2026-02-12 10:59:27 INFO : | SingleHTMHF_i407                                 | 2       | 4     | 0    | 0     |
2026-02-12 10:59:27 INFO : | SingleHTT_i120                                   | 2       | 4     | 0    | 0     |
2026-02-12 10:59:27 INFO : | SingleHTT_i121                                   | 2       | 4     | 0    | 0     |
2026-02-12 10:59:27 INFO : | SingleHTT_i129                                   | 1       | 4     | 0    | 0     |
2026-02-12 10:59:27 INFO : | SingleHTT_i133                                   | 1       | 4     | 0    | 0     |
2026-02-12 10:59:27 INFO : | SingleHTT_i189                                   | 2       | 4     | 0    | 0     |
2026-02-12 10:59:27 INFO : | SingleHTT_i190                                   | 2       | 4     | 0    | 0     |
2026-02-12 10:59:27 INFO : | SingleHTT_i191                                   | 2       | 4     | 0    | 0     |
2026-02-12 10:59:27 INFO : | SingleHTT_i269                                   | 4       | 4     | 0    | 0     |
2026-02-12 10:59:27 INFO : | SingleHTT_i271                                   | 2       | 4     | 0    | 0     |
2026-02-12 10:59:27 INFO : | SingleHTT_i273                                   | 2       | 4     | 0    | 0     |
2026-02-12 10:59:27 INFO : | SingleHTT_i279                                   | 0       | 4     | 0    | 0     |
2026-02-12 10:59:27 INFO : | SingleHTT_i280                                   | 3       | 4     | 0    | 0     |
2026-02-12 10:59:27 INFO : | SingleHTT_i281                                   | 4       | 4     | 0    | 0     |
2026-02-12 10:59:27 INFO : | SingleHTT_i282                                   | 2       | 4     | 0    | 0     |
2026-02-12 10:59:27 INFO : | SingleHTT_i376                                   | 3       | 4     | 0    | 0     |
2026-02-12 10:59:27 INFO : | SingleHTT_i481                                   | 5       | 4     | 0    | 0     |
2026-02-12 10:59:27 INFO : | SingleHTT_i482                                   | 5       | 4     | 0    | 0     |
2026-02-12 10:59:27 INFO : | SingleMBT0HFM_i303                               | 0       | 4     | 0    | 0     |
2026-02-12 10:59:27 INFO : | SingleMBT0HFP_i302                               | 0       | 4     | 0    | 0     |
2026-02-12 10:59:27 INFO : | MuonShower0_i83                                  | 2       | 0     | 0    | 0     |
2026-02-12 10:59:27 INFO : | MuonShower1_i84                                  | 5       | 0     | 0    | 0     |
2026-02-12 10:59:27 INFO : | MuonShower2_i335                                 | 0       | 0     | 0    | 0     |
2026-02-12 10:59:27 INFO : | SingleEXT_i293                                   | 0       | 0     | 0    | 0     |
2026-02-12 10:59:27 INFO : | SingleEXT_i295                                   | 0       | 0     | 0    | 0     |
2026-02-12 10:59:27 INFO : | SingleEXT_i296                                   | 0       | 0     | 0    | 0     |
2026-02-12 10:59:27 INFO : | SingleEXT_i301                                   | 0       | 0     | 0    | 0     |
2026-02-12 10:59:27 INFO : | SingleEXT_i304                                   | 3       | 0     | 0    | 0     |
2026-02-12 10:59:27 INFO : | SingleEXT_i305                                   | 3       | 0     | 0    | 0     |
2026-02-12 10:59:27 INFO : | SingleEXT_i306                                   | 4       | 0     | 0    | 0     |
2026-02-12 10:59:27 INFO : | SingleEXT_i307                                   | 3       | 0     | 0    | 0     |
2026-02-12 10:59:27 INFO : | SingleEXT_i308                                   | 0       | 0     | 0    | 0     |
2026-02-12 10:59:27 INFO : | SingleEXT_i309                                   | 0       | 0     | 0    | 0     |
2026-02-12 10:59:27 INFO : | SingleEXT_i310                                   | 0       | 0     | 0    | 0     |
2026-02-12 10:59:27 INFO : | SingleEXT_i311                                   | 0       | 0     | 0    | 0     |
2026-02-12 10:59:27 INFO : | SingleEXT_i312                                   | 0       | 0     | 0    | 0     |
2026-02-12 10:59:27 INFO : | SingleEXT_i313                                   | 0       | 0     | 0    | 0     |
2026-02-12 10:59:27 INFO : | SingleEXT_i314                                   | 4       | 0     | 0    | 0     |
2026-02-12 10:59:27 INFO : | SingleEXT_i315                                   | 2       | 0     | 0    | 0     |
2026-02-12 10:59:27 INFO : | SingleEXT_i316                                   | 4       | 0     | 0    | 0     |
2026-02-12 10:59:27 INFO : | SingleEXT_i317                                   | 4       | 0     | 0    | 0     |
2026-02-12 10:59:27 INFO : | SingleEXT_i318                                   | 2       | 0     | 0    | 0     |
2026-02-12 10:59:27 INFO : | SingleEXT_i319                                   | 5       | 0     | 0    | 0     |
2026-02-12 10:59:27 INFO : | SingleEXT_i320                                   | 0       | 0     | 0    | 0     |
2026-02-12 10:59:27 INFO : | SingleEXT_i321                                   | 0       | 0     | 0    | 0     |
2026-02-12 10:59:27 INFO : | SingleEXT_i322                                   | 3       | 0     | 0    | 0     |
2026-02-12 10:59:27 INFO : | SingleEXT_i323                                   | 4       | 0     | 0    | 0     |
2026-02-12 10:59:27 INFO : | SingleEXT_i324                                   | 0       | 0     | 0    | 0     |
2026-02-12 10:59:27 INFO : | SingleEXT_i325                                   | 3       | 0     | 0    | 0     |
2026-02-12 10:59:27 INFO : | SingleEXT_i326                                   | 2       | 0     | 0    | 0     |
2026-02-12 10:59:27 INFO : | SingleEXT_i327                                   | 5       | 0     | 0    | 0     |
2026-02-12 10:59:27 INFO : | SingleEXT_i329                                   | 5       | 0     | 0    | 0     |
2026-02-12 10:59:27 INFO : | SingleEXT_i330                                   | 0       | 0     | 0    | 0     |
2026-02-12 10:59:27 INFO : | SingleEXT_i331                                   | 0       | 0     | 0    | 0     |
2026-02-12 10:59:27 INFO : | SingleEXT_i332                                   | 4       | 0     | 0    | 0     |
2026-02-12 10:59:27 INFO : | SingleEXT_i333                                   | 2       | 0     | 0    | 0     |
2026-02-12 10:59:27 INFO : | SingleEXT_i334                                   | 5       | 0     | 0    | 0     |
2026-02-12 10:59:27 INFO : |--------------------------------------------------|---------|-------|------|-------|
2026-02-12 10:59:27 INFO : |--------------------------------------------------------------------------------------|
2026-02-12 10:59:27 INFO : |                                                                                      |
2026-02-12 10:59:27 INFO : | Summary for distribution on 6 modules, shadow ratio: 0.0, sorting: descending        |
2026-02-12 10:59:27 INFO : |                                                                                      |
2026-02-12 10:59:27 INFO : |-------------------------------------|------------------------------------------------|
2026-02-12 10:59:27 INFO : |                                     |                    Payload                     |
2026-02-12 10:59:27 INFO : |-------------------------------------|------------------------------------------------|
2026-02-12 10:59:27 INFO : |              Module                 |   SliceLUTs    |     BRAMs     |     DSPs      |
2026-02-12 10:59:27 INFO : |-------------------------------------|------------------------------------------------|
2026-02-12 10:59:27 INFO : | ID | Algorithms | Conditions | Rel. | Value  |  [%]  | Value |  [%]  | Value |  [%]  |
2026-02-12 10:59:27 INFO : |----|------------|------------|------|--------|-------|-------|-------|-------|-------|
2026-02-12 10:59:27 INFO : |  0 |         85 |         78 | 0.92 | 250258 | 57.77 |   636 | 43.27 |  1350 | 37.50 |
2026-02-12 10:59:27 INFO : |  1 |        101 |         96 | 0.95 | 251865 | 58.14 |   636 | 43.27 |  1294 | 35.94 |
2026-02-12 10:59:27 INFO : |  2 |         84 |         80 | 0.95 | 250095 | 57.73 |   636 | 43.27 |  1290 | 35.83 |
2026-02-12 10:59:27 INFO : |  3 |         62 |         83 | 1.34 | 250350 | 57.79 |   636 | 43.27 |   768 | 21.33 |
2026-02-12 10:59:27 INFO : |  4 |         74 |         76 | 1.03 | 250401 | 57.80 |   636 | 43.27 |  1310 | 36.39 |
2026-02-12 10:59:27 INFO : |  5 |         74 |         78 | 1.05 | 250151 | 57.74 |   636 | 43.27 |  1350 | 37.50 |
2026-02-12 10:59:27 INFO : |-------------------------------------|--------|-------|-------|-------|-------|-------|
2026-02-12 10:59:27 INFO : | Total sum:                          |1503120 | 57.83 |  3816 | 43.27 |  7362 | 34.08 |
2026-02-12 10:59:27 INFO : |-------------------------------------|--------|-------|-------|-------|-------|-------|
2026-02-12 10:59:27 INFO : writing VHDL modules...
2026-02-12 10:59:27 INFO : writing 480 algorithms to 6 module(s)
2026-02-12 10:59:27 INFO : writing output for module: 0
2026-02-12 10:59:27 INFO : algo_index.vhd          : /tmp/L1Menu_Collisions2026_v1_0_1-d1/vhdl/module_0/src/algo_index.vhd
2026-02-12 10:59:27 INFO : gtl_module_signals.vhd  : /tmp/L1Menu_Collisions2026_v1_0_1-d1/vhdl/module_0/src/gtl_module_signals.vhd
2026-02-12 10:59:27 INFO : gtl_module_instances.vhd: /tmp/L1Menu_Collisions2026_v1_0_1-d1/vhdl/module_0/src/gtl_module_instances.vhd
2026-02-12 10:59:27 INFO : ugt_constants.vhd       : /tmp/L1Menu_Collisions2026_v1_0_1-d1/vhdl/module_0/src/ugt_constants.vhd
2026-02-12 10:59:27 INFO : writing output for module: 1
2026-02-12 10:59:27 INFO : algo_index.vhd          : /tmp/L1Menu_Collisions2026_v1_0_1-d1/vhdl/module_1/src/algo_index.vhd
2026-02-12 10:59:27 INFO : gtl_module_signals.vhd  : /tmp/L1Menu_Collisions2026_v1_0_1-d1/vhdl/module_1/src/gtl_module_signals.vhd
2026-02-12 10:59:28 INFO : gtl_module_instances.vhd: /tmp/L1Menu_Collisions2026_v1_0_1-d1/vhdl/module_1/src/gtl_module_instances.vhd
2026-02-12 10:59:28 INFO : ugt_constants.vhd       : /tmp/L1Menu_Collisions2026_v1_0_1-d1/vhdl/module_1/src/ugt_constants.vhd
2026-02-12 10:59:28 INFO : writing output for module: 2
2026-02-12 10:59:28 INFO : algo_index.vhd          : /tmp/L1Menu_Collisions2026_v1_0_1-d1/vhdl/module_2/src/algo_index.vhd
2026-02-12 10:59:28 INFO : gtl_module_signals.vhd  : /tmp/L1Menu_Collisions2026_v1_0_1-d1/vhdl/module_2/src/gtl_module_signals.vhd
2026-02-12 10:59:28 INFO : gtl_module_instances.vhd: /tmp/L1Menu_Collisions2026_v1_0_1-d1/vhdl/module_2/src/gtl_module_instances.vhd
2026-02-12 10:59:28 INFO : ugt_constants.vhd       : /tmp/L1Menu_Collisions2026_v1_0_1-d1/vhdl/module_2/src/ugt_constants.vhd
2026-02-12 10:59:28 INFO : writing output for module: 3
2026-02-12 10:59:28 INFO : algo_index.vhd          : /tmp/L1Menu_Collisions2026_v1_0_1-d1/vhdl/module_3/src/algo_index.vhd
2026-02-12 10:59:28 INFO : gtl_module_signals.vhd  : /tmp/L1Menu_Collisions2026_v1_0_1-d1/vhdl/module_3/src/gtl_module_signals.vhd
2026-02-12 10:59:28 INFO : gtl_module_instances.vhd: /tmp/L1Menu_Collisions2026_v1_0_1-d1/vhdl/module_3/src/gtl_module_instances.vhd
2026-02-12 10:59:28 INFO : ugt_constants.vhd       : /tmp/L1Menu_Collisions2026_v1_0_1-d1/vhdl/module_3/src/ugt_constants.vhd
2026-02-12 10:59:28 INFO : writing output for module: 4
2026-02-12 10:59:28 INFO : algo_index.vhd          : /tmp/L1Menu_Collisions2026_v1_0_1-d1/vhdl/module_4/src/algo_index.vhd
2026-02-12 10:59:28 INFO : gtl_module_signals.vhd  : /tmp/L1Menu_Collisions2026_v1_0_1-d1/vhdl/module_4/src/gtl_module_signals.vhd
2026-02-12 10:59:28 INFO : gtl_module_instances.vhd: /tmp/L1Menu_Collisions2026_v1_0_1-d1/vhdl/module_4/src/gtl_module_instances.vhd
2026-02-12 10:59:28 INFO : ugt_constants.vhd       : /tmp/L1Menu_Collisions2026_v1_0_1-d1/vhdl/module_4/src/ugt_constants.vhd
2026-02-12 10:59:28 INFO : writing output for module: 5
2026-02-12 10:59:28 INFO : algo_index.vhd          : /tmp/L1Menu_Collisions2026_v1_0_1-d1/vhdl/module_5/src/algo_index.vhd
2026-02-12 10:59:28 INFO : gtl_module_signals.vhd  : /tmp/L1Menu_Collisions2026_v1_0_1-d1/vhdl/module_5/src/gtl_module_signals.vhd
2026-02-12 10:59:28 INFO : gtl_module_instances.vhd: /tmp/L1Menu_Collisions2026_v1_0_1-d1/vhdl/module_5/src/gtl_module_instances.vhd
2026-02-12 10:59:28 INFO : ugt_constants.vhd       : /tmp/L1Menu_Collisions2026_v1_0_1-d1/vhdl/module_5/src/ugt_constants.vhd
2026-02-12 10:59:28 INFO : writing updated XML file /tmp/L1Menu_Collisions2026_v1_0_1.xml
2026-02-12 10:59:28 INFO : reading source XML menu file /tmp/L1Menu_Collisions2026_v1_0_1.xml
2026-02-12 10:59:28 INFO : processing menu "L1Menu_Collisions2026_v1_0_1" ... 
2026-02-12 10:59:28 INFO : updating menu information...
2026-02-12 10:59:28 INFO : uuid_menu     : 8fb170d6-67e5-4506-bdbf-203aeeec013a
2026-02-12 10:59:28 INFO : uuid_firmware : 011c4938-4ba7-4343-8778-4c027f36e3e9
2026-02-12 10:59:28 INFO : n_modules     : 6
2026-02-12 10:59:28 INFO : writing target XML menu file /tmp/L1Menu_Collisions2026_v1_0_1-d1/xml/L1Menu_Collisions2026_v1_0_1-d1.xml
2026-02-12 10:59:29 INFO : generating menu documentation...
2026-02-12 10:59:29 INFO : writing HTML documentation /tmp/L1Menu_Collisions2026_v1_0_1-d1/xml/L1Menu_Collisions2026_v1_0_1-d1.xml
2026-02-12 10:59:30 INFO : writing TWIKI page template /tmp/L1Menu_Collisions2026_v1_0_1-d1/xml/L1Menu_Collisions2026_v1_0_1-d1.xml
2026-02-12 10:59:32 INFO : patching filenames...
2026-02-12 10:59:32 INFO : /tmp/L1Menu_Collisions2026_v1_0_1-d1/doc/L1Menu_Collisions2026_v1_0_1.html --> /tmp/L1Menu_Collisions2026_v1_0_1-d1/doc/L1Menu_Collisions2026_v1_0_1-d1.html
2026-02-12 10:59:32 INFO : /tmp/L1Menu_Collisions2026_v1_0_1-d1/doc/L1Menu_Collisions2026_v1_0_1.twiki --> /tmp/L1Menu_Collisions2026_v1_0_1-d1/doc/L1Menu_Collisions2026_v1_0_1-d1.twiki
2026-02-12 10:59:32 INFO : done.
